-- ============================================================
-- VocalMind Seed Data v5.2 (Comprehensive)
-- Auto-generated from seed_database.py
-- ============================================================

-- organizations
INSERT INTO organizations (id, name, slug, status) VALUES
  ('a0000000-0000-0000-0000-000000000001', 'NileTech', 'nile-tech', 'active'),
  ('a0000000-0000-0000-0000-000000000002', 'CairoConnect', 'cairo-connect', 'active');

-- users
INSERT INTO users (id, organization_id, email, password_hash, name, role, is_active, agent_type) VALUES
  ('b0000000-0000-0000-0000-000000000001', 'a0000000-0000-0000-0000-000000000001', 'manager@niletech.com', '$2b$12$q8lyq/NpKlA80YMdzrKtPuHkg1pG4HIk1zIDPpKu78TPFy3zw6NW6', 'Galal Manager', 'manager', true, NULL),
  ('b0000000-0000-0000-0000-000000000002', 'a0000000-0000-0000-0000-000000000001', 'mohsen@niletech.com', '$2b$12$q8lyq/NpKlA80YMdzrKtPuHkg1pG4HIk1zIDPpKu78TPFy3zw6NW6', 'Mohsen Agent', 'agent', true, 'human'),
  ('b0000000-0000-0000-0000-000000000003', 'a0000000-0000-0000-0000-000000000001', 'sara@niletech.com', '$2b$12$q8lyq/NpKlA80YMdzrKtPuHkg1pG4HIk1zIDPpKu78TPFy3zw6NW6', 'Sara Agent', 'agent', true, 'human'),
  ('b0000000-0000-0000-0000-000000000004', 'a0000000-0000-0000-0000-000000000001', 'omar@niletech.com', '$2b$12$q8lyq/NpKlA80YMdzrKtPuHkg1pG4HIk1zIDPpKu78TPFy3zw6NW6', 'Omar Agent', 'agent', true, 'human'),
  ('b0000000-0000-0000-0000-000000000005', 'a0000000-0000-0000-0000-000000000001', 'nourbot@niletech.com', '$2b$12$q8lyq/NpKlA80YMdzrKtPuHkg1pG4HIk1zIDPpKu78TPFy3zw6NW6', 'Nour AI Bot', 'agent', true, 'ai'),
  ('b0000000-0000-0000-0000-000000000006', 'a0000000-0000-0000-0000-000000000002', 'manager@cairoconnect.com', '$2b$12$q8lyq/NpKlA80YMdzrKtPuHkg1pG4HIk1zIDPpKu78TPFy3zw6NW6', 'Ibrahem Manager', 'manager', true, NULL),
  ('b0000000-0000-0000-0000-000000000007', 'a0000000-0000-0000-0000-000000000002', 'yasmin@cairoconnect.com', '$2b$12$q8lyq/NpKlA80YMdzrKtPuHkg1pG4HIk1zIDPpKu78TPFy3zw6NW6', 'Yasmin Agent', 'agent', true, 'human'),
  ('b0000000-0000-0000-0000-000000000008', 'a0000000-0000-0000-0000-000000000002', 'khaled@cairoconnect.com', '$2b$12$q8lyq/NpKlA80YMdzrKtPuHkg1pG4HIk1zIDPpKu78TPFy3zw6NW6', 'Khaled Agent', 'agent', true, 'human'),
  ('b0000000-0000-0000-0000-000000000009', 'a0000000-0000-0000-0000-000000000002', 'dina@cairoconnect.com', '$2b$12$q8lyq/NpKlA80YMdzrKtPuHkg1pG4HIk1zIDPpKu78TPFy3zw6NW6', 'Dina Agent', 'agent', true, 'human'),
  ('b0000000-0000-0000-0000-000000000010', 'a0000000-0000-0000-0000-000000000002', 'aibot@cairoconnect.com', '$2b$12$q8lyq/NpKlA80YMdzrKtPuHkg1pG4HIk1zIDPpKu78TPFy3zw6NW6', 'Cairo AI Bot', 'agent', true, 'ai');

-- company_policies
INSERT INTO company_policies (id, policy_title, policy_category, policy_text, is_active) VALUES
  ('20000000-0000-0000-0000-000000000001', 'Greeting Policy', 'Communication', 'Agents must greet customers warmly and professionally within the first 5 seconds of the call.', true),
  ('20000000-0000-0000-0000-000000000002', 'Escalation Protocol', 'Escalation', 'If a customer expresses extreme frustration or anger, the agent must offer to escalate to a supervisor within 60 seconds.', true),
  ('20000000-0000-0000-0000-000000000003', 'Hold Time Limit', 'Communication', 'Customers must not be placed on hold for more than 2 minutes without a status update.', true),
  ('20000000-0000-0000-0000-000000000004', 'Data Privacy Compliance', 'Privacy', 'Agents must never ask for full credit card numbers or passwords over the phone.', true),
  ('20000000-0000-0000-0000-000000000005', 'Refund Authorization', 'Finance', 'Agents may authorize refunds up to $50 without supervisor approval. Amounts above $50 require escalation.', true),
  ('20000000-0000-0000-0000-000000000006', 'Closing Script', 'Communication', 'Agents must summarize the resolution and ask if there is anything else before ending the call.', true);

-- faq_articles
INSERT INTO faq_articles (id, question, answer, category, is_active) VALUES
  ('f0000000-0000-0000-0000-000000000001', 'How do I reset my password?', 'Go to Settings > Security > Reset Password, or click ''Forgot password'' on the login page.', 'Account', true),
  ('f0000000-0000-0000-0000-000000000002', 'How do I update my billing information?', 'Navigate to Settings > Billing > Payment Methods and update your card details.', 'Billing', true),
  ('f0000000-0000-0000-0000-000000000003', 'What is the refund policy?', 'Refunds are processed within 5-7 business days. Contact support for amounts over $50.', 'Billing', true),
  ('f0000000-0000-0000-0000-000000000004', 'How do I contact technical support?', 'Use the in-app chat, call +1-800-555-0199, or email support@vocalmind.com.', 'Technical', true),
  ('f0000000-0000-0000-0000-000000000005', 'How to enable two-factor authentication?', 'Go to Settings > Security > 2FA and follow the setup wizard with your authenticator app.', 'Account', true),
  ('f0000000-0000-0000-0000-000000000006', 'What are the service hours?', 'Our support team is available 24/7 for critical issues. General inquiries: Sun-Thu 9AM-6PM EET.', 'General', true),
  ('f0000000-0000-0000-0000-000000000007', 'How do I cancel my subscription?', 'Go to Settings > Subscription > Cancel. Note: cancellation takes effect at the end of the billing cycle.', 'Billing', true),
  ('f0000000-0000-0000-0000-000000000008', 'How to export my data?', 'Navigate to Settings > Data Management > Export. You can download CSV or JSON formats.', 'Technical', true);

-- interactions
INSERT INTO interactions (id, organization_id, agent_id, uploaded_by, audio_file_path, file_size_bytes, duration_seconds, file_format, interaction_date, processing_status, language_detected, has_overlap, channel_count) VALUES
  ('d0000000-0000-0000-0000-000000000001', 'a0000000-0000-0000-0000-000000000001', 'b0000000-0000-0000-0000-000000000002', 'b0000000-0000-0000-0000-000000000001', '/audio/call_001.wav', 5760000, 180, 'wav', '2026-02-01T09:00:00+00:00', 'completed', 'en', true, 1),
  ('d0000000-0000-0000-0000-000000000002', 'a0000000-0000-0000-0000-000000000001', 'b0000000-0000-0000-0000-000000000003', 'b0000000-0000-0000-0000-000000000001', '/audio/call_002.wav', 7840000, 245, 'wav', '2026-02-02T19:43:00+00:00', 'completed', 'en', false, 1),
  ('d0000000-0000-0000-0000-000000000003', 'a0000000-0000-0000-0000-000000000001', 'b0000000-0000-0000-0000-000000000004', 'b0000000-0000-0000-0000-000000000001', '/audio/call_003.mp3', 10240000, 320, 'mp3', '2026-02-04T06:26:00+00:00', 'completed', 'ar', false, 1),
  ('d0000000-0000-0000-0000-000000000004', 'a0000000-0000-0000-0000-000000000001', 'b0000000-0000-0000-0000-000000000005', 'b0000000-0000-0000-0000-000000000001', '/audio/call_004.wav', 4800000, 150, 'wav', '2026-02-05T17:09:00+00:00', 'completed', 'en', false, 1),
  ('d0000000-0000-0000-0000-000000000005', 'a0000000-0000-0000-0000-000000000001', 'b0000000-0000-0000-0000-000000000002', 'b0000000-0000-0000-0000-000000000001', '/audio/call_005.wav', 8960000, 280, 'wav', '2026-02-07T03:52:00+00:00', 'completed', 'en', false, 1),
  ('d0000000-0000-0000-0000-000000000006', 'a0000000-0000-0000-0000-000000000001', 'b0000000-0000-0000-0000-000000000003', 'b0000000-0000-0000-0000-000000000001', '/audio/call_006.mp3', 6080000, 190, 'mp3', '2026-02-08T14:35:00+00:00', 'completed', 'ar', false, 1),
  ('d0000000-0000-0000-0000-000000000007', 'a0000000-0000-0000-0000-000000000001', 'b0000000-0000-0000-0000-000000000004', 'b0000000-0000-0000-0000-000000000001', '/audio/call_007.wav', 6720000, 210, 'wav', '2026-02-10T01:18:00+00:00', 'completed', 'en', false, 1),
  ('d0000000-0000-0000-0000-000000000008', 'a0000000-0000-0000-0000-000000000001', 'b0000000-0000-0000-0000-000000000005', 'b0000000-0000-0000-0000-000000000001', '/audio/call_008.wav', 11520000, 360, 'wav', '2026-02-11T12:01:00+00:00', 'completed', 'en', true, 1),
  ('d0000000-0000-0000-0000-000000000009', 'a0000000-0000-0000-0000-000000000001', 'b0000000-0000-0000-0000-000000000002', 'b0000000-0000-0000-0000-000000000001', '/audio/call_009.mp3', 5600000, 175, 'mp3', '2026-02-12T14:44:00+00:00', 'completed', 'en', false, 1),
  ('d0000000-0000-0000-0000-000000000010', 'a0000000-0000-0000-0000-000000000001', 'b0000000-0000-0000-0000-000000000003', 'b0000000-0000-0000-0000-000000000001', '/audio/call_010.wav', 9600000, 300, 'wav', '2026-02-14T00:27:00+00:00', 'completed', 'ar', false, 1),
  ('d0000000-0000-0000-0000-000000000011', 'a0000000-0000-0000-0000-000000000001', 'b0000000-0000-0000-0000-000000000004', 'b0000000-0000-0000-0000-000000000001', '/audio/call_011.wav', 7040000, 220, 'wav', '2026-02-15T11:10:00+00:00', 'completed', 'en', false, 1),
  ('d0000000-0000-0000-0000-000000000012', 'a0000000-0000-0000-0000-000000000001', 'b0000000-0000-0000-0000-000000000005', 'b0000000-0000-0000-0000-000000000001', '/audio/call_012.wav', 8320000, 260, 'wav', '2026-02-16T21:53:00+00:00', 'completed', 'en', false, 1),
  ('d0000000-0000-0000-0000-000000000013', 'a0000000-0000-0000-0000-000000000001', 'b0000000-0000-0000-0000-000000000002', 'b0000000-0000-0000-0000-000000000001', '/audio/call_013.mp3', 4480000, 140, 'mp3', '2026-02-18T08:36:00+00:00', 'completed', 'en', false, 1),
  ('d0000000-0000-0000-0000-000000000014', 'a0000000-0000-0000-0000-000000000001', 'b0000000-0000-0000-0000-000000000003', 'b0000000-0000-0000-0000-000000000001', '/audio/call_014.wav', 9920000, 310, 'wav', '2026-02-19T19:19:00+00:00', 'completed', 'ar', false, 1),
  ('d0000000-0000-0000-0000-000000000015', 'a0000000-0000-0000-0000-000000000001', 'b0000000-0000-0000-0000-000000000004', 'b0000000-0000-0000-0000-000000000001', '/audio/call_015.wav', 6240000, 195, 'wav', '2026-02-21T06:02:00+00:00', 'completed', 'en', true, 1),
  ('d0000000-0000-0000-0000-000000000016', 'a0000000-0000-0000-0000-000000000001', 'b0000000-0000-0000-0000-000000000005', 'b0000000-0000-0000-0000-000000000001', '/audio/call_016.mp3', 7360000, 230, 'mp3', '2026-02-22T16:45:00+00:00', 'completed', 'ar', false, 1),
  ('d0000000-0000-0000-0000-000000000017', 'a0000000-0000-0000-0000-000000000001', 'b0000000-0000-0000-0000-000000000002', 'b0000000-0000-0000-0000-000000000001', '/audio/call_017.wav', 8640000, 270, 'wav', '2026-02-23T19:28:00+00:00', 'completed', 'en', false, 1),
  ('d0000000-0000-0000-0000-000000000018', 'a0000000-0000-0000-0000-000000000001', 'b0000000-0000-0000-0000-000000000003', 'b0000000-0000-0000-0000-000000000001', '/audio/call_018.wav', 5280000, 165, 'wav', '2026-02-25T06:11:00+00:00', 'completed', 'en', false, 1),
  ('d0000000-0000-0000-0000-000000000019', 'a0000000-0000-0000-0000-000000000002', 'b0000000-0000-0000-0000-000000000007', 'b0000000-0000-0000-0000-000000000006', '/audio/call_019.mp3', 10880000, 340, 'mp3', '2026-02-26T15:54:00+00:00', 'completed', 'en', false, 1),
  ('d0000000-0000-0000-0000-000000000020', 'a0000000-0000-0000-0000-000000000002', 'b0000000-0000-0000-0000-000000000008', 'b0000000-0000-0000-0000-000000000006', '/audio/call_020.wav', 6400000, 200, 'wav', '2026-02-28T02:37:00+00:00', 'completed', 'en', false, 1),
  ('d0000000-0000-0000-0000-000000000021', 'a0000000-0000-0000-0000-000000000002', 'b0000000-0000-0000-0000-000000000009', 'b0000000-0000-0000-0000-000000000006', '/audio/call_021.wav', 8000000, 250, 'wav', '2026-03-01T13:20:00+00:00', 'completed', 'ar', false, 1),
  ('d0000000-0000-0000-0000-000000000022', 'a0000000-0000-0000-0000-000000000002', 'b0000000-0000-0000-0000-000000000010', 'b0000000-0000-0000-0000-000000000006', '/audio/call_022.wav', 5920000, 185, 'wav', '2026-03-03T00:03:00+00:00', 'completed', 'en', true, 1),
  ('d0000000-0000-0000-0000-000000000023', 'a0000000-0000-0000-0000-000000000002', 'b0000000-0000-0000-0000-000000000007', 'b0000000-0000-0000-0000-000000000006', '/audio/call_023.mp3', 9280000, 290, 'mp3', '2026-03-04T10:46:00+00:00', 'completed', 'en', false, 1),
  ('d0000000-0000-0000-0000-000000000024', 'a0000000-0000-0000-0000-000000000002', 'b0000000-0000-0000-0000-000000000008', 'b0000000-0000-0000-0000-000000000006', '/audio/call_024.wav', 6880000, 215, 'wav', '2026-03-05T21:29:00+00:00', 'completed', 'en', false, 1),
  ('d0000000-0000-0000-0000-000000000025', 'a0000000-0000-0000-0000-000000000002', 'b0000000-0000-0000-0000-000000000009', 'b0000000-0000-0000-0000-000000000006', '/audio/call_025.wav', 10560000, 330, 'wav', '2026-03-07T00:12:00+00:00', 'completed', 'en', false, 1),
  ('d0000000-0000-0000-0000-000000000026', 'a0000000-0000-0000-0000-000000000002', 'b0000000-0000-0000-0000-000000000010', 'b0000000-0000-0000-0000-000000000006', '/audio/call_026.mp3', 5440000, 170, 'mp3', '2026-03-08T10:55:00+00:00', 'completed', 'en', false, 1),
  ('d0000000-0000-0000-0000-000000000027', 'a0000000-0000-0000-0000-000000000002', 'b0000000-0000-0000-0000-000000000007', 'b0000000-0000-0000-0000-000000000006', '/audio/call_027.wav', 7680000, 240, 'wav', '2026-03-09T20:38:00+00:00', 'completed', 'ar', false, 1),
  ('d0000000-0000-0000-0000-000000000028', 'a0000000-0000-0000-0000-000000000002', 'b0000000-0000-0000-0000-000000000008', 'b0000000-0000-0000-0000-000000000006', '/audio/call_028.wav', 6560000, 205, 'wav', '2026-03-11T07:21:00+00:00', 'completed', 'en', false, 1),
  ('d0000000-0000-0000-0000-000000000029', 'a0000000-0000-0000-0000-000000000002', 'b0000000-0000-0000-0000-000000000009', 'b0000000-0000-0000-0000-000000000006', '/audio/call_029.mp3', 8800000, 275, 'mp3', '2026-03-12T18:04:00+00:00', 'completed', 'ar', true, 1),
  ('d0000000-0000-0000-0000-000000000030', 'a0000000-0000-0000-0000-000000000002', 'b0000000-0000-0000-0000-000000000010', 'b0000000-0000-0000-0000-000000000006', '/audio/call_030.wav', 5120000, 160, 'wav', '2026-03-14T04:47:00+00:00', 'completed', 'en', false, 1);

-- processing_jobs
INSERT INTO processing_jobs (interaction_id, stage, status) VALUES
  ('d0000000-0000-0000-0000-000000000001', 'diarization', 'completed'),
  ('d0000000-0000-0000-0000-000000000001', 'stt', 'completed'),
  ('d0000000-0000-0000-0000-000000000001', 'emotion', 'completed'),
  ('d0000000-0000-0000-0000-000000000001', 'reasoning', 'completed'),
  ('d0000000-0000-0000-0000-000000000001', 'scoring', 'completed'),
  ('d0000000-0000-0000-0000-000000000001', 'rag_eval', 'completed'),
  ('d0000000-0000-0000-0000-000000000002', 'diarization', 'completed'),
  ('d0000000-0000-0000-0000-000000000002', 'stt', 'completed'),
  ('d0000000-0000-0000-0000-000000000002', 'emotion', 'completed'),
  ('d0000000-0000-0000-0000-000000000002', 'reasoning', 'completed'),
  ('d0000000-0000-0000-0000-000000000002', 'scoring', 'completed'),
  ('d0000000-0000-0000-0000-000000000002', 'rag_eval', 'completed'),
  ('d0000000-0000-0000-0000-000000000003', 'diarization', 'completed'),
  ('d0000000-0000-0000-0000-000000000003', 'stt', 'completed'),
  ('d0000000-0000-0000-0000-000000000003', 'emotion', 'completed'),
  ('d0000000-0000-0000-0000-000000000003', 'reasoning', 'completed'),
  ('d0000000-0000-0000-0000-000000000003', 'scoring', 'completed'),
  ('d0000000-0000-0000-0000-000000000003', 'rag_eval', 'completed'),
  ('d0000000-0000-0000-0000-000000000004', 'diarization', 'completed'),
  ('d0000000-0000-0000-0000-000000000004', 'stt', 'completed'),
  ('d0000000-0000-0000-0000-000000000004', 'emotion', 'completed'),
  ('d0000000-0000-0000-0000-000000000004', 'reasoning', 'completed'),
  ('d0000000-0000-0000-0000-000000000004', 'scoring', 'completed'),
  ('d0000000-0000-0000-0000-000000000004', 'rag_eval', 'completed'),
  ('d0000000-0000-0000-0000-000000000005', 'diarization', 'completed'),
  ('d0000000-0000-0000-0000-000000000005', 'stt', 'completed'),
  ('d0000000-0000-0000-0000-000000000005', 'emotion', 'completed'),
  ('d0000000-0000-0000-0000-000000000005', 'reasoning', 'completed'),
  ('d0000000-0000-0000-0000-000000000005', 'scoring', 'completed'),
  ('d0000000-0000-0000-0000-000000000005', 'rag_eval', 'completed'),
  ('d0000000-0000-0000-0000-000000000006', 'diarization', 'completed'),
  ('d0000000-0000-0000-0000-000000000006', 'stt', 'completed'),
  ('d0000000-0000-0000-0000-000000000006', 'emotion', 'completed'),
  ('d0000000-0000-0000-0000-000000000006', 'reasoning', 'completed'),
  ('d0000000-0000-0000-0000-000000000006', 'scoring', 'completed'),
  ('d0000000-0000-0000-0000-000000000006', 'rag_eval', 'completed'),
  ('d0000000-0000-0000-0000-000000000007', 'diarization', 'completed'),
  ('d0000000-0000-0000-0000-000000000007', 'stt', 'completed'),
  ('d0000000-0000-0000-0000-000000000007', 'emotion', 'completed'),
  ('d0000000-0000-0000-0000-000000000007', 'reasoning', 'completed'),
  ('d0000000-0000-0000-0000-000000000007', 'scoring', 'completed'),
  ('d0000000-0000-0000-0000-000000000007', 'rag_eval', 'completed'),
  ('d0000000-0000-0000-0000-000000000008', 'diarization', 'completed'),
  ('d0000000-0000-0000-0000-000000000008', 'stt', 'completed'),
  ('d0000000-0000-0000-0000-000000000008', 'emotion', 'completed'),
  ('d0000000-0000-0000-0000-000000000008', 'reasoning', 'completed'),
  ('d0000000-0000-0000-0000-000000000008', 'scoring', 'completed'),
  ('d0000000-0000-0000-0000-000000000008', 'rag_eval', 'completed'),
  ('d0000000-0000-0000-0000-000000000009', 'diarization', 'completed'),
  ('d0000000-0000-0000-0000-000000000009', 'stt', 'completed'),
  ('d0000000-0000-0000-0000-000000000009', 'emotion', 'completed'),
  ('d0000000-0000-0000-0000-000000000009', 'reasoning', 'completed'),
  ('d0000000-0000-0000-0000-000000000009', 'scoring', 'completed'),
  ('d0000000-0000-0000-0000-000000000009', 'rag_eval', 'completed'),
  ('d0000000-0000-0000-0000-000000000010', 'diarization', 'completed'),
  ('d0000000-0000-0000-0000-000000000010', 'stt', 'completed'),
  ('d0000000-0000-0000-0000-000000000010', 'emotion', 'completed'),
  ('d0000000-0000-0000-0000-000000000010', 'reasoning', 'completed'),
  ('d0000000-0000-0000-0000-000000000010', 'scoring', 'completed'),
  ('d0000000-0000-0000-0000-000000000010', 'rag_eval', 'completed'),
  ('d0000000-0000-0000-0000-000000000011', 'diarization', 'completed'),
  ('d0000000-0000-0000-0000-000000000011', 'stt', 'completed'),
  ('d0000000-0000-0000-0000-000000000011', 'emotion', 'completed'),
  ('d0000000-0000-0000-0000-000000000011', 'reasoning', 'completed'),
  ('d0000000-0000-0000-0000-000000000011', 'scoring', 'completed'),
  ('d0000000-0000-0000-0000-000000000011', 'rag_eval', 'completed'),
  ('d0000000-0000-0000-0000-000000000012', 'diarization', 'completed'),
  ('d0000000-0000-0000-0000-000000000012', 'stt', 'completed'),
  ('d0000000-0000-0000-0000-000000000012', 'emotion', 'completed'),
  ('d0000000-0000-0000-0000-000000000012', 'reasoning', 'completed'),
  ('d0000000-0000-0000-0000-000000000012', 'scoring', 'completed'),
  ('d0000000-0000-0000-0000-000000000012', 'rag_eval', 'completed'),
  ('d0000000-0000-0000-0000-000000000013', 'diarization', 'completed'),
  ('d0000000-0000-0000-0000-000000000013', 'stt', 'completed'),
  ('d0000000-0000-0000-0000-000000000013', 'emotion', 'completed'),
  ('d0000000-0000-0000-0000-000000000013', 'reasoning', 'completed'),
  ('d0000000-0000-0000-0000-000000000013', 'scoring', 'completed'),
  ('d0000000-0000-0000-0000-000000000013', 'rag_eval', 'completed'),
  ('d0000000-0000-0000-0000-000000000014', 'diarization', 'completed'),
  ('d0000000-0000-0000-0000-000000000014', 'stt', 'completed'),
  ('d0000000-0000-0000-0000-000000000014', 'emotion', 'completed'),
  ('d0000000-0000-0000-0000-000000000014', 'reasoning', 'completed'),
  ('d0000000-0000-0000-0000-000000000014', 'scoring', 'completed'),
  ('d0000000-0000-0000-0000-000000000014', 'rag_eval', 'completed'),
  ('d0000000-0000-0000-0000-000000000015', 'diarization', 'completed'),
  ('d0000000-0000-0000-0000-000000000015', 'stt', 'completed'),
  ('d0000000-0000-0000-0000-000000000015', 'emotion', 'completed'),
  ('d0000000-0000-0000-0000-000000000015', 'reasoning', 'completed'),
  ('d0000000-0000-0000-0000-000000000015', 'scoring', 'completed'),
  ('d0000000-0000-0000-0000-000000000015', 'rag_eval', 'completed'),
  ('d0000000-0000-0000-0000-000000000016', 'diarization', 'completed'),
  ('d0000000-0000-0000-0000-000000000016', 'stt', 'completed'),
  ('d0000000-0000-0000-0000-000000000016', 'emotion', 'completed'),
  ('d0000000-0000-0000-0000-000000000016', 'reasoning', 'completed'),
  ('d0000000-0000-0000-0000-000000000016', 'scoring', 'completed'),
  ('d0000000-0000-0000-0000-000000000016', 'rag_eval', 'completed'),
  ('d0000000-0000-0000-0000-000000000017', 'diarization', 'completed'),
  ('d0000000-0000-0000-0000-000000000017', 'stt', 'completed'),
  ('d0000000-0000-0000-0000-000000000017', 'emotion', 'completed'),
  ('d0000000-0000-0000-0000-000000000017', 'reasoning', 'completed'),
  ('d0000000-0000-0000-0000-000000000017', 'scoring', 'completed'),
  ('d0000000-0000-0000-0000-000000000017', 'rag_eval', 'completed'),
  ('d0000000-0000-0000-0000-000000000018', 'diarization', 'completed'),
  ('d0000000-0000-0000-0000-000000000018', 'stt', 'completed'),
  ('d0000000-0000-0000-0000-000000000018', 'emotion', 'completed'),
  ('d0000000-0000-0000-0000-000000000018', 'reasoning', 'completed'),
  ('d0000000-0000-0000-0000-000000000018', 'scoring', 'completed'),
  ('d0000000-0000-0000-0000-000000000018', 'rag_eval', 'completed'),
  ('d0000000-0000-0000-0000-000000000019', 'diarization', 'completed'),
  ('d0000000-0000-0000-0000-000000000019', 'stt', 'completed'),
  ('d0000000-0000-0000-0000-000000000019', 'emotion', 'completed'),
  ('d0000000-0000-0000-0000-000000000019', 'reasoning', 'completed'),
  ('d0000000-0000-0000-0000-000000000019', 'scoring', 'completed'),
  ('d0000000-0000-0000-0000-000000000019', 'rag_eval', 'completed'),
  ('d0000000-0000-0000-0000-000000000020', 'diarization', 'completed'),
  ('d0000000-0000-0000-0000-000000000020', 'stt', 'completed'),
  ('d0000000-0000-0000-0000-000000000020', 'emotion', 'completed'),
  ('d0000000-0000-0000-0000-000000000020', 'reasoning', 'completed'),
  ('d0000000-0000-0000-0000-000000000020', 'scoring', 'completed'),
  ('d0000000-0000-0000-0000-000000000020', 'rag_eval', 'completed'),
  ('d0000000-0000-0000-0000-000000000021', 'diarization', 'completed'),
  ('d0000000-0000-0000-0000-000000000021', 'stt', 'completed'),
  ('d0000000-0000-0000-0000-000000000021', 'emotion', 'completed'),
  ('d0000000-0000-0000-0000-000000000021', 'reasoning', 'completed'),
  ('d0000000-0000-0000-0000-000000000021', 'scoring', 'completed'),
  ('d0000000-0000-0000-0000-000000000021', 'rag_eval', 'completed'),
  ('d0000000-0000-0000-0000-000000000022', 'diarization', 'completed'),
  ('d0000000-0000-0000-0000-000000000022', 'stt', 'completed'),
  ('d0000000-0000-0000-0000-000000000022', 'emotion', 'completed'),
  ('d0000000-0000-0000-0000-000000000022', 'reasoning', 'completed'),
  ('d0000000-0000-0000-0000-000000000022', 'scoring', 'completed'),
  ('d0000000-0000-0000-0000-000000000022', 'rag_eval', 'completed'),
  ('d0000000-0000-0000-0000-000000000023', 'diarization', 'completed'),
  ('d0000000-0000-0000-0000-000000000023', 'stt', 'completed'),
  ('d0000000-0000-0000-0000-000000000023', 'emotion', 'completed'),
  ('d0000000-0000-0000-0000-000000000023', 'reasoning', 'completed'),
  ('d0000000-0000-0000-0000-000000000023', 'scoring', 'completed'),
  ('d0000000-0000-0000-0000-000000000023', 'rag_eval', 'completed'),
  ('d0000000-0000-0000-0000-000000000024', 'diarization', 'completed'),
  ('d0000000-0000-0000-0000-000000000024', 'stt', 'completed'),
  ('d0000000-0000-0000-0000-000000000024', 'emotion', 'completed'),
  ('d0000000-0000-0000-0000-000000000024', 'reasoning', 'completed'),
  ('d0000000-0000-0000-0000-000000000024', 'scoring', 'completed'),
  ('d0000000-0000-0000-0000-000000000024', 'rag_eval', 'completed'),
  ('d0000000-0000-0000-0000-000000000025', 'diarization', 'completed'),
  ('d0000000-0000-0000-0000-000000000025', 'stt', 'completed'),
  ('d0000000-0000-0000-0000-000000000025', 'emotion', 'completed'),
  ('d0000000-0000-0000-0000-000000000025', 'reasoning', 'completed'),
  ('d0000000-0000-0000-0000-000000000025', 'scoring', 'completed'),
  ('d0000000-0000-0000-0000-000000000025', 'rag_eval', 'completed'),
  ('d0000000-0000-0000-0000-000000000026', 'diarization', 'completed'),
  ('d0000000-0000-0000-0000-000000000026', 'stt', 'completed'),
  ('d0000000-0000-0000-0000-000000000026', 'emotion', 'completed'),
  ('d0000000-0000-0000-0000-000000000026', 'reasoning', 'completed'),
  ('d0000000-0000-0000-0000-000000000026', 'scoring', 'completed'),
  ('d0000000-0000-0000-0000-000000000026', 'rag_eval', 'completed'),
  ('d0000000-0000-0000-0000-000000000027', 'diarization', 'completed'),
  ('d0000000-0000-0000-0000-000000000027', 'stt', 'completed'),
  ('d0000000-0000-0000-0000-000000000027', 'emotion', 'completed'),
  ('d0000000-0000-0000-0000-000000000027', 'reasoning', 'completed'),
  ('d0000000-0000-0000-0000-000000000027', 'scoring', 'completed'),
  ('d0000000-0000-0000-0000-000000000027', 'rag_eval', 'completed'),
  ('d0000000-0000-0000-0000-000000000028', 'diarization', 'completed'),
  ('d0000000-0000-0000-0000-000000000028', 'stt', 'completed'),
  ('d0000000-0000-0000-0000-000000000028', 'emotion', 'completed'),
  ('d0000000-0000-0000-0000-000000000028', 'reasoning', 'completed'),
  ('d0000000-0000-0000-0000-000000000028', 'scoring', 'completed'),
  ('d0000000-0000-0000-0000-000000000028', 'rag_eval', 'completed'),
  ('d0000000-0000-0000-0000-000000000029', 'diarization', 'completed'),
  ('d0000000-0000-0000-0000-000000000029', 'stt', 'completed'),
  ('d0000000-0000-0000-0000-000000000029', 'emotion', 'completed'),
  ('d0000000-0000-0000-0000-000000000029', 'reasoning', 'completed'),
  ('d0000000-0000-0000-0000-000000000029', 'scoring', 'completed'),
  ('d0000000-0000-0000-0000-000000000029', 'rag_eval', 'completed'),
  ('d0000000-0000-0000-0000-000000000030', 'diarization', 'completed'),
  ('d0000000-0000-0000-0000-000000000030', 'stt', 'completed'),
  ('d0000000-0000-0000-0000-000000000030', 'emotion', 'completed'),
  ('d0000000-0000-0000-0000-000000000030', 'reasoning', 'completed'),
  ('d0000000-0000-0000-0000-000000000030', 'scoring', 'completed'),
  ('d0000000-0000-0000-0000-000000000030', 'rag_eval', 'completed');

-- transcripts
INSERT INTO transcripts (id, interaction_id, full_text, overall_confidence) VALUES
  ('e0000000-0000-0000-0000-000000000001', 'd0000000-0000-0000-0000-000000000001', 'Agent: Good morning, how can I help you today?\nCustomer: Hi, I need help with my account.\nAgent: Sure, I can help with that. What seems to be the issue?\nCustomer: I cannot log in.\nAgent: Let me reset your password for you.\nCustomer: Thank you so much!', 0.82),
  ('e0000000-0000-0000-0000-000000000002', 'd0000000-0000-0000-0000-000000000002', 'Agent: Hello, welcome to support.\nCustomer: I want a refund for my last purchase.\nAgent: I understand. Can you provide the order number?\nCustomer: It is order 45892.\nAgent: I see the order. Let me process that refund for you right away.\nCustomer: Great, how long will it take?\nAgent: You should see it within 5 business days.\nCustomer: Okay, thanks.', 0.95),
  ('e0000000-0000-0000-0000-000000000003', 'd0000000-0000-0000-0000-000000000003', 'Agent: Thank you for calling, how may I assist you?\nCustomer: Your service has been terrible lately!\nAgent: I am really sorry to hear that. Can you tell me what happened?\nCustomer: My internet has been down for three days!\nAgent: That is unacceptable. Let me escalate this immediately.\nCustomer: Please do. This is ruining my work.', 0.95),
  ('e0000000-0000-0000-0000-000000000004', 'd0000000-0000-0000-0000-000000000004', 'Agent: Hi there, what can I do for you?\nCustomer: I need to update my billing address.\nAgent: Of course. What is the new address?\nCustomer: 123 Nile Street, Cairo.\nAgent: Updated! Anything else?\nCustomer: No, that is all. Thank you.', 0.9),
  ('e0000000-0000-0000-0000-000000000005', 'd0000000-0000-0000-0000-000000000005', 'Agent: Welcome to support, how can I help?\nCustomer: I am scared my account has been hacked.\nAgent: I understand your concern. Let me check the recent activity on your account.\nCustomer: Please hurry, I see charges I did not make.\nAgent: I have secured your account and reversed the unauthorized charges.\nCustomer: Oh thank goodness. Thank you so much.', 0.92),
  ('e0000000-0000-0000-0000-000000000006', 'd0000000-0000-0000-0000-000000000006', 'Agent: Good afternoon! How can I assist you today?\nCustomer: I have a question about my subscription plan.\nAgent: Happy to help! Which plan are you on?\nCustomer: The premium plan, but I want to downgrade.\nAgent: I can process that for you. The change will take effect next billing cycle.\nCustomer: Perfect, thanks for the quick help.', 0.86),
  ('e0000000-0000-0000-0000-000000000007', 'd0000000-0000-0000-0000-000000000007', 'Agent: Hello, thank you for reaching out.\nCustomer: I am having trouble with the mobile app.\nAgent: I am sorry about that. What exactly is happening?\nCustomer: It keeps crashing when I open it.\nAgent: Try clearing the cache and reinstalling. I will also report this to our tech team.\nCustomer: Okay, I will try that.', 0.94),
  ('e0000000-0000-0000-0000-000000000008', 'd0000000-0000-0000-0000-000000000008', 'Agent: Hi, how can I help you?\nCustomer: I am really upset about the service I received last time.\nAgent: I sincerely apologize. What happened?\nCustomer: The agent was rude and did not solve my problem.\nAgent: That is not acceptable. I will escalate this and personally ensure your issue is resolved today.\nCustomer: I appreciate that.', 0.84),
  ('e0000000-0000-0000-0000-000000000009', 'd0000000-0000-0000-0000-000000000009', 'Agent: Good morning, support team here.\nCustomer: Can you help me set up two-factor authentication?\nAgent: Absolutely! Go to Settings, then Security, then enable 2FA.\nCustomer: Got it, what app should I use?\nAgent: Google Authenticator or Authy both work great.\nCustomer: Done! Thanks for walking me through it.', 0.89),
  ('e0000000-0000-0000-0000-000000000010', 'd0000000-0000-0000-0000-000000000010', 'Agent: Thank you for calling. How may I help?\nCustomer: I want to cancel my subscription.\nAgent: I am sorry to hear that. May I ask why?\nCustomer: It is too expensive for what I get.\nAgent: I understand. Would you be interested in our discounted plan at 40% off?\nCustomer: Hmm, that sounds interesting. Tell me more.\nAgent: It includes all core features at a reduced price.\nCustomer: Okay, switch me to that plan instead.', 0.86),
  ('e0000000-0000-0000-0000-000000000011', 'd0000000-0000-0000-0000-000000000011', 'Agent: Good morning, how can I help you today?\nCustomer: Hi, I need help with my account.\nAgent: Sure, I can help with that. What seems to be the issue?\nCustomer: I cannot log in.\nAgent: Let me reset your password for you.\nCustomer: Thank you so much!', 0.98),
  ('e0000000-0000-0000-0000-000000000012', 'd0000000-0000-0000-0000-000000000012', 'Agent: Hello, welcome to support.\nCustomer: I want a refund for my last purchase.\nAgent: I understand. Can you provide the order number?\nCustomer: It is order 45892.\nAgent: I see the order. Let me process that refund for you right away.\nCustomer: Great, how long will it take?\nAgent: You should see it within 5 business days.\nCustomer: Okay, thanks.', 0.96),
  ('e0000000-0000-0000-0000-000000000013', 'd0000000-0000-0000-0000-000000000013', 'Agent: Thank you for calling, how may I assist you?\nCustomer: Your service has been terrible lately!\nAgent: I am really sorry to hear that. Can you tell me what happened?\nCustomer: My internet has been down for three days!\nAgent: That is unacceptable. Let me escalate this immediately.\nCustomer: Please do. This is ruining my work.', 0.9),
  ('e0000000-0000-0000-0000-000000000014', 'd0000000-0000-0000-0000-000000000014', 'Agent: Hi there, what can I do for you?\nCustomer: I need to update my billing address.\nAgent: Of course. What is the new address?\nCustomer: 123 Nile Street, Cairo.\nAgent: Updated! Anything else?\nCustomer: No, that is all. Thank you.', 0.93),
  ('e0000000-0000-0000-0000-000000000015', 'd0000000-0000-0000-0000-000000000015', 'Agent: Welcome to support, how can I help?\nCustomer: I am scared my account has been hacked.\nAgent: I understand your concern. Let me check the recent activity on your account.\nCustomer: Please hurry, I see charges I did not make.\nAgent: I have secured your account and reversed the unauthorized charges.\nCustomer: Oh thank goodness. Thank you so much.', 0.84),
  ('e0000000-0000-0000-0000-000000000016', 'd0000000-0000-0000-0000-000000000016', 'Agent: Good afternoon! How can I assist you today?\nCustomer: I have a question about my subscription plan.\nAgent: Happy to help! Which plan are you on?\nCustomer: The premium plan, but I want to downgrade.\nAgent: I can process that for you. The change will take effect next billing cycle.\nCustomer: Perfect, thanks for the quick help.', 0.83),
  ('e0000000-0000-0000-0000-000000000017', 'd0000000-0000-0000-0000-000000000017', 'Agent: Hello, thank you for reaching out.\nCustomer: I am having trouble with the mobile app.\nAgent: I am sorry about that. What exactly is happening?\nCustomer: It keeps crashing when I open it.\nAgent: Try clearing the cache and reinstalling. I will also report this to our tech team.\nCustomer: Okay, I will try that.', 0.97),
  ('e0000000-0000-0000-0000-000000000018', 'd0000000-0000-0000-0000-000000000018', 'Agent: Hi, how can I help you?\nCustomer: I am really upset about the service I received last time.\nAgent: I sincerely apologize. What happened?\nCustomer: The agent was rude and did not solve my problem.\nAgent: That is not acceptable. I will escalate this and personally ensure your issue is resolved today.\nCustomer: I appreciate that.', 0.92),
  ('e0000000-0000-0000-0000-000000000019', 'd0000000-0000-0000-0000-000000000019', 'Agent: Good morning, support team here.\nCustomer: Can you help me set up two-factor authentication?\nAgent: Absolutely! Go to Settings, then Security, then enable 2FA.\nCustomer: Got it, what app should I use?\nAgent: Google Authenticator or Authy both work great.\nCustomer: Done! Thanks for walking me through it.', 0.88),
  ('e0000000-0000-0000-0000-000000000020', 'd0000000-0000-0000-0000-000000000020', 'Agent: Thank you for calling. How may I help?\nCustomer: I want to cancel my subscription.\nAgent: I am sorry to hear that. May I ask why?\nCustomer: It is too expensive for what I get.\nAgent: I understand. Would you be interested in our discounted plan at 40% off?\nCustomer: Hmm, that sounds interesting. Tell me more.\nAgent: It includes all core features at a reduced price.\nCustomer: Okay, switch me to that plan instead.', 0.87),
  ('e0000000-0000-0000-0000-000000000021', 'd0000000-0000-0000-0000-000000000021', 'Agent: Good morning, how can I help you today?\nCustomer: Hi, I need help with my account.\nAgent: Sure, I can help with that. What seems to be the issue?\nCustomer: I cannot log in.\nAgent: Let me reset your password for you.\nCustomer: Thank you so much!', 0.85),
  ('e0000000-0000-0000-0000-000000000022', 'd0000000-0000-0000-0000-000000000022', 'Agent: Hello, welcome to support.\nCustomer: I want a refund for my last purchase.\nAgent: I understand. Can you provide the order number?\nCustomer: It is order 45892.\nAgent: I see the order. Let me process that refund for you right away.\nCustomer: Great, how long will it take?\nAgent: You should see it within 5 business days.\nCustomer: Okay, thanks.', 0.88),
  ('e0000000-0000-0000-0000-000000000023', 'd0000000-0000-0000-0000-000000000023', 'Agent: Thank you for calling, how may I assist you?\nCustomer: Your service has been terrible lately!\nAgent: I am really sorry to hear that. Can you tell me what happened?\nCustomer: My internet has been down for three days!\nAgent: That is unacceptable. Let me escalate this immediately.\nCustomer: Please do. This is ruining my work.', 0.83),
  ('e0000000-0000-0000-0000-000000000024', 'd0000000-0000-0000-0000-000000000024', 'Agent: Hi there, what can I do for you?\nCustomer: I need to update my billing address.\nAgent: Of course. What is the new address?\nCustomer: 123 Nile Street, Cairo.\nAgent: Updated! Anything else?\nCustomer: No, that is all. Thank you.', 0.98),
  ('e0000000-0000-0000-0000-000000000025', 'd0000000-0000-0000-0000-000000000025', 'Agent: Welcome to support, how can I help?\nCustomer: I am scared my account has been hacked.\nAgent: I understand your concern. Let me check the recent activity on your account.\nCustomer: Please hurry, I see charges I did not make.\nAgent: I have secured your account and reversed the unauthorized charges.\nCustomer: Oh thank goodness. Thank you so much.', 0.96),
  ('e0000000-0000-0000-0000-000000000026', 'd0000000-0000-0000-0000-000000000026', 'Agent: Good afternoon! How can I assist you today?\nCustomer: I have a question about my subscription plan.\nAgent: Happy to help! Which plan are you on?\nCustomer: The premium plan, but I want to downgrade.\nAgent: I can process that for you. The change will take effect next billing cycle.\nCustomer: Perfect, thanks for the quick help.', 0.9),
  ('e0000000-0000-0000-0000-000000000027', 'd0000000-0000-0000-0000-000000000027', 'Agent: Hello, thank you for reaching out.\nCustomer: I am having trouble with the mobile app.\nAgent: I am sorry about that. What exactly is happening?\nCustomer: It keeps crashing when I open it.\nAgent: Try clearing the cache and reinstalling. I will also report this to our tech team.\nCustomer: Okay, I will try that.', 0.98),
  ('e0000000-0000-0000-0000-000000000028', 'd0000000-0000-0000-0000-000000000028', 'Agent: Hi, how can I help you?\nCustomer: I am really upset about the service I received last time.\nAgent: I sincerely apologize. What happened?\nCustomer: The agent was rude and did not solve my problem.\nAgent: That is not acceptable. I will escalate this and personally ensure your issue is resolved today.\nCustomer: I appreciate that.', 0.92),
  ('e0000000-0000-0000-0000-000000000029', 'd0000000-0000-0000-0000-000000000029', 'Agent: Good morning, support team here.\nCustomer: Can you help me set up two-factor authentication?\nAgent: Absolutely! Go to Settings, then Security, then enable 2FA.\nCustomer: Got it, what app should I use?\nAgent: Google Authenticator or Authy both work great.\nCustomer: Done! Thanks for walking me through it.', 0.85),
  ('e0000000-0000-0000-0000-000000000030', 'd0000000-0000-0000-0000-000000000030', 'Agent: Thank you for calling. How may I help?\nCustomer: I want to cancel my subscription.\nAgent: I am sorry to hear that. May I ask why?\nCustomer: It is too expensive for what I get.\nAgent: I understand. Would you be interested in our discounted plan at 40% off?\nCustomer: Hmm, that sounds interesting. Tell me more.\nAgent: It includes all core features at a reduced price.\nCustomer: Okay, switch me to that plan instead.', 0.82);

-- utterances
INSERT INTO utterances (id, interaction_id, transcript_id, speaker_role, user_id, sequence_index, start_time_seconds, end_time_seconds, text, emotion, emotion_confidence) VALUES
  ('12000000-0000-0000-0000-000000000001', 'd0000000-0000-0000-0000-000000000001', 'e0000000-0000-0000-0000-000000000001', 'agent', 'b0000000-0000-0000-0000-000000000002', 0, 0.0, 2.2, 'Good morning, how can I help you today?', 'neutral', 0.72),
  ('12000000-0000-0000-0000-000000000002', 'd0000000-0000-0000-0000-000000000001', 'e0000000-0000-0000-0000-000000000001', 'customer', NULL, 1, 3.4, 6.6, 'Hi, I need help with my account.', 'neutral', 0.94),
  ('12000000-0000-0000-0000-000000000003', 'd0000000-0000-0000-0000-000000000001', 'e0000000-0000-0000-0000-000000000001', 'agent', 'b0000000-0000-0000-0000-000000000002', 2, 7.0, 9.6, 'Sure, I can help with that. What seems to be the issue?', 'neutral', 0.66),
  ('12000000-0000-0000-0000-000000000004', 'd0000000-0000-0000-0000-000000000001', 'e0000000-0000-0000-0000-000000000001', 'customer', NULL, 3, 10.2, 13.0, 'I cannot log in.', 'frustrated', 0.66),
  ('12000000-0000-0000-0000-000000000005', 'd0000000-0000-0000-0000-000000000001', 'e0000000-0000-0000-0000-000000000001', 'agent', 'b0000000-0000-0000-0000-000000000002', 4, 14.1, 17.0, 'Let me reset your password for you.', 'empathetic', 0.72),
  ('12000000-0000-0000-0000-000000000006', 'd0000000-0000-0000-0000-000000000001', 'e0000000-0000-0000-0000-000000000001', 'customer', NULL, 5, 18.3, 19.8, 'Thank you so much!', 'happy', 0.91),
  ('12000000-0000-0000-0000-000000000007', 'd0000000-0000-0000-0000-000000000002', 'e0000000-0000-0000-0000-000000000002', 'agent', 'b0000000-0000-0000-0000-000000000003', 0, 0.0, 3.3, 'Hello, welcome to support.', 'neutral', 0.82),
  ('12000000-0000-0000-0000-000000000008', 'd0000000-0000-0000-0000-000000000002', 'e0000000-0000-0000-0000-000000000002', 'customer', NULL, 1, 4.8, 7.2, 'I want a refund for my last purchase.', 'frustrated', 0.83),
  ('12000000-0000-0000-0000-000000000009', 'd0000000-0000-0000-0000-000000000002', 'e0000000-0000-0000-0000-000000000002', 'agent', 'b0000000-0000-0000-0000-000000000003', 2, 8.2, 11.9, 'I understand. Can you provide the order number?', 'neutral', 0.83),
  ('12000000-0000-0000-0000-000000000010', 'd0000000-0000-0000-0000-000000000002', 'e0000000-0000-0000-0000-000000000002', 'customer', NULL, 3, 12.3, 14.4, 'It is order 45892.', 'neutral', 0.74),
  ('12000000-0000-0000-0000-000000000011', 'd0000000-0000-0000-0000-000000000002', 'e0000000-0000-0000-0000-000000000002', 'agent', 'b0000000-0000-0000-0000-000000000003', 4, 14.8, 16.9, 'I see the order. Let me process that refund for you right away.', 'empathetic', 0.68),
  ('12000000-0000-0000-0000-000000000012', 'd0000000-0000-0000-0000-000000000002', 'e0000000-0000-0000-0000-000000000002', 'customer', NULL, 5, 18.0, 20.4, 'Great, how long will it take?', 'neutral', 0.77),
  ('12000000-0000-0000-0000-000000000013', 'd0000000-0000-0000-0000-000000000002', 'e0000000-0000-0000-0000-000000000002', 'agent', 'b0000000-0000-0000-0000-000000000003', 6, 21.0, 24.8, 'You should see it within 5 business days.', 'neutral', 0.86),
  ('12000000-0000-0000-0000-000000000014', 'd0000000-0000-0000-0000-000000000002', 'e0000000-0000-0000-0000-000000000002', 'customer', NULL, 7, 25.8, 27.7, 'Okay, thanks.', 'happy', 0.88),
  ('12000000-0000-0000-0000-000000000015', 'd0000000-0000-0000-0000-000000000003', 'e0000000-0000-0000-0000-000000000003', 'agent', 'b0000000-0000-0000-0000-000000000004', 0, 0.0, 3.5, 'Thank you for calling, how may I assist you?', 'neutral', 0.78),
  ('12000000-0000-0000-0000-000000000016', 'd0000000-0000-0000-0000-000000000003', 'e0000000-0000-0000-0000-000000000003', 'customer', NULL, 1, 3.9, 7.7, 'Your service has been terrible lately!', 'angry', 0.83),
  ('12000000-0000-0000-0000-000000000017', 'd0000000-0000-0000-0000-000000000003', 'e0000000-0000-0000-0000-000000000003', 'agent', 'b0000000-0000-0000-0000-000000000004', 2, 8.3, 11.0, 'I am really sorry to hear that. Can you tell me what happened?', 'empathetic', 0.93),
  ('12000000-0000-0000-0000-000000000018', 'd0000000-0000-0000-0000-000000000003', 'e0000000-0000-0000-0000-000000000003', 'customer', NULL, 3, 11.5, 13.3, 'My internet has been down for three days!', 'angry', 0.89),
  ('12000000-0000-0000-0000-000000000019', 'd0000000-0000-0000-0000-000000000003', 'e0000000-0000-0000-0000-000000000003', 'agent', 'b0000000-0000-0000-0000-000000000004', 4, 14.5, 17.1, 'That is unacceptable. Let me escalate this immediately.', 'empathetic', 0.84),
  ('12000000-0000-0000-0000-000000000020', 'd0000000-0000-0000-0000-000000000003', 'e0000000-0000-0000-0000-000000000003', 'customer', NULL, 5, 18.6, 20.4, 'Please do. This is ruining my work.', 'frustrated', 0.81),
  ('12000000-0000-0000-0000-000000000021', 'd0000000-0000-0000-0000-000000000004', 'e0000000-0000-0000-0000-000000000004', 'agent', 'b0000000-0000-0000-0000-000000000005', 0, 0.0, 3.9, 'Hi there, what can I do for you?', 'neutral', 0.93),
  ('12000000-0000-0000-0000-000000000022', 'd0000000-0000-0000-0000-000000000004', 'e0000000-0000-0000-0000-000000000004', 'customer', NULL, 1, 4.2, 7.5, 'I need to update my billing address.', 'neutral', 0.87),
  ('12000000-0000-0000-0000-000000000023', 'd0000000-0000-0000-0000-000000000004', 'e0000000-0000-0000-0000-000000000004', 'agent', 'b0000000-0000-0000-0000-000000000005', 2, 8.4, 10.6, 'Of course. What is the new address?', 'neutral', 0.86),
  ('12000000-0000-0000-0000-000000000024', 'd0000000-0000-0000-0000-000000000004', 'e0000000-0000-0000-0000-000000000004', 'customer', NULL, 3, 11.0, 13.6, '123 Nile Street, Cairo.', 'neutral', 0.8),
  ('12000000-0000-0000-0000-000000000025', 'd0000000-0000-0000-0000-000000000004', 'e0000000-0000-0000-0000-000000000004', 'agent', 'b0000000-0000-0000-0000-000000000005', 4, 15.0, 18.7, 'Updated! Anything else?', 'neutral', 0.73),
  ('12000000-0000-0000-0000-000000000026', 'd0000000-0000-0000-0000-000000000004', 'e0000000-0000-0000-0000-000000000004', 'customer', NULL, 5, 19.6, 21.5, 'No, that is all. Thank you.', 'happy', 0.94),
  ('12000000-0000-0000-0000-000000000027', 'd0000000-0000-0000-0000-000000000005', 'e0000000-0000-0000-0000-000000000005', 'agent', 'b0000000-0000-0000-0000-000000000002', 0, 0.0, 2.7, 'Welcome to support, how can I help?', 'neutral', 0.69),
  ('12000000-0000-0000-0000-000000000028', 'd0000000-0000-0000-0000-000000000005', 'e0000000-0000-0000-0000-000000000005', 'customer', NULL, 1, 3.4, 7.4, 'I am scared my account has been hacked.', 'fearful', 0.91),
  ('12000000-0000-0000-0000-000000000029', 'd0000000-0000-0000-0000-000000000005', 'e0000000-0000-0000-0000-000000000005', 'agent', 'b0000000-0000-0000-0000-000000000002', 2, 8.0, 10.9, 'I understand your concern. Let me check the recent activity on your account.', 'empathetic', 0.68),
  ('12000000-0000-0000-0000-000000000030', 'd0000000-0000-0000-0000-000000000005', 'e0000000-0000-0000-0000-000000000005', 'customer', NULL, 3, 12.2, 16.1, 'Please hurry, I see charges I did not make.', 'fearful', 0.82),
  ('12000000-0000-0000-0000-000000000031', 'd0000000-0000-0000-0000-000000000005', 'e0000000-0000-0000-0000-000000000005', 'agent', 'b0000000-0000-0000-0000-000000000002', 4, 17.2, 21.1, 'I have secured your account and reversed the unauthorized charges.', 'empathetic', 0.7),
  ('12000000-0000-0000-0000-000000000032', 'd0000000-0000-0000-0000-000000000005', 'e0000000-0000-0000-0000-000000000005', 'customer', NULL, 5, 22.1, 26.0, 'Oh thank goodness. Thank you so much.', 'happy', 0.95),
  ('12000000-0000-0000-0000-000000000033', 'd0000000-0000-0000-0000-000000000006', 'e0000000-0000-0000-0000-000000000006', 'agent', 'b0000000-0000-0000-0000-000000000003', 0, 0.0, 2.3, 'Good afternoon! How can I assist you today?', 'happy', 0.84),
  ('12000000-0000-0000-0000-000000000034', 'd0000000-0000-0000-0000-000000000006', 'e0000000-0000-0000-0000-000000000006', 'customer', NULL, 1, 2.9, 5.0, 'I have a question about my subscription plan.', 'neutral', 0.67),
  ('12000000-0000-0000-0000-000000000035', 'd0000000-0000-0000-0000-000000000006', 'e0000000-0000-0000-0000-000000000006', 'agent', 'b0000000-0000-0000-0000-000000000003', 2, 5.6, 9.4, 'Happy to help! Which plan are you on?', 'happy', 0.93),
  ('12000000-0000-0000-0000-000000000036', 'd0000000-0000-0000-0000-000000000006', 'e0000000-0000-0000-0000-000000000006', 'customer', NULL, 3, 10.0, 13.2, 'The premium plan, but I want to downgrade.', 'neutral', 0.72),
  ('12000000-0000-0000-0000-000000000037', 'd0000000-0000-0000-0000-000000000006', 'e0000000-0000-0000-0000-000000000006', 'agent', 'b0000000-0000-0000-0000-000000000003', 4, 14.6, 17.5, 'I can process that for you. The change will take effect next billing cycle.', 'neutral', 0.8),
  ('12000000-0000-0000-0000-000000000038', 'd0000000-0000-0000-0000-000000000006', 'e0000000-0000-0000-0000-000000000006', 'customer', NULL, 5, 18.7, 22.2, 'Perfect, thanks for the quick help.', 'happy', 0.71),
  ('12000000-0000-0000-0000-000000000039', 'd0000000-0000-0000-0000-000000000007', 'e0000000-0000-0000-0000-000000000007', 'agent', 'b0000000-0000-0000-0000-000000000004', 0, 0.0, 3.5, 'Hello, thank you for reaching out.', 'neutral', 0.68),
  ('12000000-0000-0000-0000-000000000040', 'd0000000-0000-0000-0000-000000000007', 'e0000000-0000-0000-0000-000000000007', 'customer', NULL, 1, 4.0, 6.8, 'I am having trouble with the mobile app.', 'frustrated', 0.69),
  ('12000000-0000-0000-0000-000000000041', 'd0000000-0000-0000-0000-000000000007', 'e0000000-0000-0000-0000-000000000007', 'agent', 'b0000000-0000-0000-0000-000000000004', 2, 7.7, 11.4, 'I am sorry about that. What exactly is happening?', 'empathetic', 0.67),
  ('12000000-0000-0000-0000-000000000042', 'd0000000-0000-0000-0000-000000000007', 'e0000000-0000-0000-0000-000000000007', 'customer', NULL, 3, 12.7, 14.4, 'It keeps crashing when I open it.', 'frustrated', 0.86),
  ('12000000-0000-0000-0000-000000000043', 'd0000000-0000-0000-0000-000000000007', 'e0000000-0000-0000-0000-000000000007', 'agent', 'b0000000-0000-0000-0000-000000000004', 4, 14.7, 16.4, 'Try clearing the cache and reinstalling. I will also report this to our tech team.', 'neutral', 0.89),
  ('12000000-0000-0000-0000-000000000044', 'd0000000-0000-0000-0000-000000000007', 'e0000000-0000-0000-0000-000000000007', 'customer', NULL, 5, 17.2, 19.9, 'Okay, I will try that.', 'neutral', 0.93),
  ('12000000-0000-0000-0000-000000000045', 'd0000000-0000-0000-0000-000000000008', 'e0000000-0000-0000-0000-000000000008', 'agent', 'b0000000-0000-0000-0000-000000000005', 0, 0.0, 2.2, 'Hi, how can I help you?', 'neutral', 0.96),
  ('12000000-0000-0000-0000-000000000046', 'd0000000-0000-0000-0000-000000000008', 'e0000000-0000-0000-0000-000000000008', 'customer', NULL, 1, 3.2, 6.1, 'I am really upset about the service I received last time.', 'angry', 0.89),
  ('12000000-0000-0000-0000-000000000047', 'd0000000-0000-0000-0000-000000000008', 'e0000000-0000-0000-0000-000000000008', 'agent', 'b0000000-0000-0000-0000-000000000005', 2, 7.1, 9.9, 'I sincerely apologize. What happened?', 'empathetic', 0.92),
  ('12000000-0000-0000-0000-000000000048', 'd0000000-0000-0000-0000-000000000008', 'e0000000-0000-0000-0000-000000000008', 'customer', NULL, 3, 11.4, 13.1, 'The agent was rude and did not solve my problem.', 'angry', 0.71),
  ('12000000-0000-0000-0000-000000000049', 'd0000000-0000-0000-0000-000000000008', 'e0000000-0000-0000-0000-000000000008', 'agent', 'b0000000-0000-0000-0000-000000000005', 4, 14.2, 16.3, 'That is not acceptable. I will escalate this and personally ensure your issue is resolved today.', 'empathetic', 0.69),
  ('12000000-0000-0000-0000-000000000050', 'd0000000-0000-0000-0000-000000000008', 'e0000000-0000-0000-0000-000000000008', 'customer', NULL, 5, 16.9, 19.9, 'I appreciate that.', 'neutral', 0.85),
  ('12000000-0000-0000-0000-000000000051', 'd0000000-0000-0000-0000-000000000009', 'e0000000-0000-0000-0000-000000000009', 'agent', 'b0000000-0000-0000-0000-000000000002', 0, 0.0, 3.8, 'Good morning, support team here.', 'neutral', 0.95),
  ('12000000-0000-0000-0000-000000000052', 'd0000000-0000-0000-0000-000000000009', 'e0000000-0000-0000-0000-000000000009', 'customer', NULL, 1, 4.1, 7.2, 'Can you help me set up two-factor authentication?', 'neutral', 0.83),
  ('12000000-0000-0000-0000-000000000053', 'd0000000-0000-0000-0000-000000000009', 'e0000000-0000-0000-0000-000000000009', 'agent', 'b0000000-0000-0000-0000-000000000002', 2, 7.6, 10.4, 'Absolutely! Go to Settings, then Security, then enable 2FA.', 'happy', 0.81),
  ('12000000-0000-0000-0000-000000000054', 'd0000000-0000-0000-0000-000000000009', 'e0000000-0000-0000-0000-000000000009', 'customer', NULL, 3, 11.1, 12.8, 'Got it, what app should I use?', 'neutral', 0.73),
  ('12000000-0000-0000-0000-000000000055', 'd0000000-0000-0000-0000-000000000009', 'e0000000-0000-0000-0000-000000000009', 'agent', 'b0000000-0000-0000-0000-000000000002', 4, 13.6, 16.5, 'Google Authenticator or Authy both work great.', 'neutral', 0.75),
  ('12000000-0000-0000-0000-000000000056', 'd0000000-0000-0000-0000-000000000009', 'e0000000-0000-0000-0000-000000000009', 'customer', NULL, 5, 18.0, 21.5, 'Done! Thanks for walking me through it.', 'happy', 0.82),
  ('12000000-0000-0000-0000-000000000057', 'd0000000-0000-0000-0000-000000000010', 'e0000000-0000-0000-0000-000000000010', 'agent', 'b0000000-0000-0000-0000-000000000003', 0, 0.0, 3.0, 'Thank you for calling. How may I help?', 'neutral', 0.88),
  ('12000000-0000-0000-0000-000000000058', 'd0000000-0000-0000-0000-000000000010', 'e0000000-0000-0000-0000-000000000010', 'customer', NULL, 1, 3.5, 6.6, 'I want to cancel my subscription.', 'sad', 0.73),
  ('12000000-0000-0000-0000-000000000059', 'd0000000-0000-0000-0000-000000000010', 'e0000000-0000-0000-0000-000000000010', 'agent', 'b0000000-0000-0000-0000-000000000003', 2, 8.0, 11.6, 'I am sorry to hear that. May I ask why?', 'empathetic', 0.68),
  ('12000000-0000-0000-0000-000000000060', 'd0000000-0000-0000-0000-000000000010', 'e0000000-0000-0000-0000-000000000010', 'customer', NULL, 3, 12.2, 13.7, 'It is too expensive for what I get.', 'frustrated', 0.9),
  ('12000000-0000-0000-0000-000000000061', 'd0000000-0000-0000-0000-000000000010', 'e0000000-0000-0000-0000-000000000010', 'agent', 'b0000000-0000-0000-0000-000000000003', 4, 14.3, 17.7, 'I understand. Would you be interested in our discounted plan at 40% off?', 'neutral', 0.83),
  ('12000000-0000-0000-0000-000000000062', 'd0000000-0000-0000-0000-000000000010', 'e0000000-0000-0000-0000-000000000010', 'customer', NULL, 5, 18.0, 19.7, 'Hmm, that sounds interesting. Tell me more.', 'neutral', 0.93),
  ('12000000-0000-0000-0000-000000000063', 'd0000000-0000-0000-0000-000000000010', 'e0000000-0000-0000-0000-000000000010', 'agent', 'b0000000-0000-0000-0000-000000000003', 6, 21.1, 24.0, 'It includes all core features at a reduced price.', 'neutral', 0.92),
  ('12000000-0000-0000-0000-000000000064', 'd0000000-0000-0000-0000-000000000010', 'e0000000-0000-0000-0000-000000000010', 'customer', NULL, 7, 25.0, 26.9, 'Okay, switch me to that plan instead.', 'happy', 0.69),
  ('12000000-0000-0000-0000-000000000065', 'd0000000-0000-0000-0000-000000000011', 'e0000000-0000-0000-0000-000000000011', 'agent', 'b0000000-0000-0000-0000-000000000004', 0, 0.0, 3.4, 'Good morning, how can I help you today?', 'neutral', 0.95),
  ('12000000-0000-0000-0000-000000000066', 'd0000000-0000-0000-0000-000000000011', 'e0000000-0000-0000-0000-000000000011', 'customer', NULL, 1, 4.0, 5.9, 'Hi, I need help with my account.', 'neutral', 0.91),
  ('12000000-0000-0000-0000-000000000067', 'd0000000-0000-0000-0000-000000000011', 'e0000000-0000-0000-0000-000000000011', 'agent', 'b0000000-0000-0000-0000-000000000004', 2, 6.4, 8.9, 'Sure, I can help with that. What seems to be the issue?', 'neutral', 0.71),
  ('12000000-0000-0000-0000-000000000068', 'd0000000-0000-0000-0000-000000000011', 'e0000000-0000-0000-0000-000000000011', 'customer', NULL, 3, 10.3, 13.8, 'I cannot log in.', 'frustrated', 0.78),
  ('12000000-0000-0000-0000-000000000069', 'd0000000-0000-0000-0000-000000000011', 'e0000000-0000-0000-0000-000000000011', 'agent', 'b0000000-0000-0000-0000-000000000004', 4, 15.0, 17.1, 'Let me reset your password for you.', 'empathetic', 0.7),
  ('12000000-0000-0000-0000-000000000070', 'd0000000-0000-0000-0000-000000000011', 'e0000000-0000-0000-0000-000000000011', 'customer', NULL, 5, 17.9, 19.5, 'Thank you so much!', 'happy', 0.8),
  ('12000000-0000-0000-0000-000000000071', 'd0000000-0000-0000-0000-000000000012', 'e0000000-0000-0000-0000-000000000012', 'agent', 'b0000000-0000-0000-0000-000000000005', 0, 0.0, 3.9, 'Hello, welcome to support.', 'neutral', 0.74),
  ('12000000-0000-0000-0000-000000000072', 'd0000000-0000-0000-0000-000000000012', 'e0000000-0000-0000-0000-000000000012', 'customer', NULL, 1, 5.0, 7.5, 'I want a refund for my last purchase.', 'frustrated', 0.96),
  ('12000000-0000-0000-0000-000000000073', 'd0000000-0000-0000-0000-000000000012', 'e0000000-0000-0000-0000-000000000012', 'agent', 'b0000000-0000-0000-0000-000000000005', 2, 8.9, 10.7, 'I understand. Can you provide the order number?', 'neutral', 0.96),
  ('12000000-0000-0000-0000-000000000074', 'd0000000-0000-0000-0000-000000000012', 'e0000000-0000-0000-0000-000000000012', 'customer', NULL, 3, 12.2, 14.4, 'It is order 45892.', 'neutral', 0.68),
  ('12000000-0000-0000-0000-000000000075', 'd0000000-0000-0000-0000-000000000012', 'e0000000-0000-0000-0000-000000000012', 'agent', 'b0000000-0000-0000-0000-000000000005', 4, 15.2, 18.5, 'I see the order. Let me process that refund for you right away.', 'empathetic', 0.75),
  ('12000000-0000-0000-0000-000000000076', 'd0000000-0000-0000-0000-000000000012', 'e0000000-0000-0000-0000-000000000012', 'customer', NULL, 5, 19.4, 21.9, 'Great, how long will it take?', 'neutral', 0.83),
  ('12000000-0000-0000-0000-000000000077', 'd0000000-0000-0000-0000-000000000012', 'e0000000-0000-0000-0000-000000000012', 'agent', 'b0000000-0000-0000-0000-000000000005', 6, 23.1, 24.6, 'You should see it within 5 business days.', 'neutral', 0.95),
  ('12000000-0000-0000-0000-000000000078', 'd0000000-0000-0000-0000-000000000012', 'e0000000-0000-0000-0000-000000000012', 'customer', NULL, 7, 25.5, 28.8, 'Okay, thanks.', 'happy', 0.89),
  ('12000000-0000-0000-0000-000000000079', 'd0000000-0000-0000-0000-000000000013', 'e0000000-0000-0000-0000-000000000013', 'agent', 'b0000000-0000-0000-0000-000000000002', 0, 0.0, 3.2, 'Thank you for calling, how may I assist you?', 'neutral', 0.75),
  ('12000000-0000-0000-0000-000000000080', 'd0000000-0000-0000-0000-000000000013', 'e0000000-0000-0000-0000-000000000013', 'customer', NULL, 1, 4.3, 7.2, 'Your service has been terrible lately!', 'angry', 0.71),
  ('12000000-0000-0000-0000-000000000081', 'd0000000-0000-0000-0000-000000000013', 'e0000000-0000-0000-0000-000000000013', 'agent', 'b0000000-0000-0000-0000-000000000002', 2, 8.0, 11.4, 'I am really sorry to hear that. Can you tell me what happened?', 'empathetic', 0.71),
  ('12000000-0000-0000-0000-000000000082', 'd0000000-0000-0000-0000-000000000013', 'e0000000-0000-0000-0000-000000000013', 'customer', NULL, 3, 12.2, 15.8, 'My internet has been down for three days!', 'angry', 0.75),
  ('12000000-0000-0000-0000-000000000083', 'd0000000-0000-0000-0000-000000000013', 'e0000000-0000-0000-0000-000000000013', 'agent', 'b0000000-0000-0000-0000-000000000002', 4, 17.0, 20.0, 'That is unacceptable. Let me escalate this immediately.', 'empathetic', 0.75),
  ('12000000-0000-0000-0000-000000000084', 'd0000000-0000-0000-0000-000000000013', 'e0000000-0000-0000-0000-000000000013', 'customer', NULL, 5, 21.1, 23.9, 'Please do. This is ruining my work.', 'frustrated', 0.9),
  ('12000000-0000-0000-0000-000000000085', 'd0000000-0000-0000-0000-000000000014', 'e0000000-0000-0000-0000-000000000014', 'agent', 'b0000000-0000-0000-0000-000000000003', 0, 0.0, 2.1, 'Hi there, what can I do for you?', 'neutral', 0.71),
  ('12000000-0000-0000-0000-000000000086', 'd0000000-0000-0000-0000-000000000014', 'e0000000-0000-0000-0000-000000000014', 'customer', NULL, 1, 2.4, 4.5, 'I need to update my billing address.', 'neutral', 0.8),
  ('12000000-0000-0000-0000-000000000087', 'd0000000-0000-0000-0000-000000000014', 'e0000000-0000-0000-0000-000000000014', 'agent', 'b0000000-0000-0000-0000-000000000003', 2, 5.8, 7.5, 'Of course. What is the new address?', 'neutral', 0.78),
  ('12000000-0000-0000-0000-000000000088', 'd0000000-0000-0000-0000-000000000014', 'e0000000-0000-0000-0000-000000000014', 'customer', NULL, 3, 8.6, 10.6, '123 Nile Street, Cairo.', 'neutral', 0.87),
  ('12000000-0000-0000-0000-000000000089', 'd0000000-0000-0000-0000-000000000014', 'e0000000-0000-0000-0000-000000000014', 'agent', 'b0000000-0000-0000-0000-000000000003', 4, 11.5, 13.6, 'Updated! Anything else?', 'neutral', 0.86),
  ('12000000-0000-0000-0000-000000000090', 'd0000000-0000-0000-0000-000000000014', 'e0000000-0000-0000-0000-000000000014', 'customer', NULL, 5, 13.9, 17.3, 'No, that is all. Thank you.', 'happy', 0.9),
  ('12000000-0000-0000-0000-000000000091', 'd0000000-0000-0000-0000-000000000015', 'e0000000-0000-0000-0000-000000000015', 'agent', 'b0000000-0000-0000-0000-000000000004', 0, 0.0, 2.7, 'Welcome to support, how can I help?', 'neutral', 0.82),
  ('12000000-0000-0000-0000-000000000092', 'd0000000-0000-0000-0000-000000000015', 'e0000000-0000-0000-0000-000000000015', 'customer', NULL, 1, 3.7, 6.0, 'I am scared my account has been hacked.', 'fearful', 0.89),
  ('12000000-0000-0000-0000-000000000093', 'd0000000-0000-0000-0000-000000000015', 'e0000000-0000-0000-0000-000000000015', 'agent', 'b0000000-0000-0000-0000-000000000004', 2, 7.3, 11.0, 'I understand your concern. Let me check the recent activity on your account.', 'empathetic', 0.79),
  ('12000000-0000-0000-0000-000000000094', 'd0000000-0000-0000-0000-000000000015', 'e0000000-0000-0000-0000-000000000015', 'customer', NULL, 3, 11.8, 13.7, 'Please hurry, I see charges I did not make.', 'fearful', 0.93),
  ('12000000-0000-0000-0000-000000000095', 'd0000000-0000-0000-0000-000000000015', 'e0000000-0000-0000-0000-000000000015', 'agent', 'b0000000-0000-0000-0000-000000000004', 4, 14.9, 18.5, 'I have secured your account and reversed the unauthorized charges.', 'empathetic', 0.74),
  ('12000000-0000-0000-0000-000000000096', 'd0000000-0000-0000-0000-000000000015', 'e0000000-0000-0000-0000-000000000015', 'customer', NULL, 5, 19.4, 21.5, 'Oh thank goodness. Thank you so much.', 'happy', 0.79),
  ('12000000-0000-0000-0000-000000000097', 'd0000000-0000-0000-0000-000000000016', 'e0000000-0000-0000-0000-000000000016', 'agent', 'b0000000-0000-0000-0000-000000000005', 0, 0.0, 2.5, 'Good afternoon! How can I assist you today?', 'happy', 0.82),
  ('12000000-0000-0000-0000-000000000098', 'd0000000-0000-0000-0000-000000000016', 'e0000000-0000-0000-0000-000000000016', 'customer', NULL, 1, 3.3, 5.3, 'I have a question about my subscription plan.', 'neutral', 0.78),
  ('12000000-0000-0000-0000-000000000099', 'd0000000-0000-0000-0000-000000000016', 'e0000000-0000-0000-0000-000000000016', 'agent', 'b0000000-0000-0000-0000-000000000005', 2, 6.3, 9.5, 'Happy to help! Which plan are you on?', 'happy', 0.92),
  ('12000000-0000-0000-0000-000000000100', 'd0000000-0000-0000-0000-000000000016', 'e0000000-0000-0000-0000-000000000016', 'customer', NULL, 3, 10.3, 11.8, 'The premium plan, but I want to downgrade.', 'neutral', 0.76),
  ('12000000-0000-0000-0000-000000000101', 'd0000000-0000-0000-0000-000000000016', 'e0000000-0000-0000-0000-000000000016', 'agent', 'b0000000-0000-0000-0000-000000000005', 4, 13.1, 17.0, 'I can process that for you. The change will take effect next billing cycle.', 'neutral', 0.78),
  ('12000000-0000-0000-0000-000000000102', 'd0000000-0000-0000-0000-000000000016', 'e0000000-0000-0000-0000-000000000016', 'customer', NULL, 5, 18.2, 21.1, 'Perfect, thanks for the quick help.', 'happy', 0.84),
  ('12000000-0000-0000-0000-000000000103', 'd0000000-0000-0000-0000-000000000017', 'e0000000-0000-0000-0000-000000000017', 'agent', 'b0000000-0000-0000-0000-000000000002', 0, 0.0, 4.0, 'Hello, thank you for reaching out.', 'neutral', 0.82),
  ('12000000-0000-0000-0000-000000000104', 'd0000000-0000-0000-0000-000000000017', 'e0000000-0000-0000-0000-000000000017', 'customer', NULL, 1, 5.4, 8.4, 'I am having trouble with the mobile app.', 'frustrated', 0.86),
  ('12000000-0000-0000-0000-000000000105', 'd0000000-0000-0000-0000-000000000017', 'e0000000-0000-0000-0000-000000000017', 'agent', 'b0000000-0000-0000-0000-000000000002', 2, 9.2, 12.9, 'I am sorry about that. What exactly is happening?', 'empathetic', 0.71),
  ('12000000-0000-0000-0000-000000000106', 'd0000000-0000-0000-0000-000000000017', 'e0000000-0000-0000-0000-000000000017', 'customer', NULL, 3, 13.6, 16.2, 'It keeps crashing when I open it.', 'frustrated', 0.76),
  ('12000000-0000-0000-0000-000000000107', 'd0000000-0000-0000-0000-000000000017', 'e0000000-0000-0000-0000-000000000017', 'agent', 'b0000000-0000-0000-0000-000000000002', 4, 16.8, 20.7, 'Try clearing the cache and reinstalling. I will also report this to our tech team.', 'neutral', 0.78),
  ('12000000-0000-0000-0000-000000000108', 'd0000000-0000-0000-0000-000000000017', 'e0000000-0000-0000-0000-000000000017', 'customer', NULL, 5, 21.6, 25.0, 'Okay, I will try that.', 'neutral', 0.67),
  ('12000000-0000-0000-0000-000000000109', 'd0000000-0000-0000-0000-000000000018', 'e0000000-0000-0000-0000-000000000018', 'agent', 'b0000000-0000-0000-0000-000000000003', 0, 0.0, 2.1, 'Hi, how can I help you?', 'neutral', 0.8),
  ('12000000-0000-0000-0000-000000000110', 'd0000000-0000-0000-0000-000000000018', 'e0000000-0000-0000-0000-000000000018', 'customer', NULL, 1, 2.5, 6.4, 'I am really upset about the service I received last time.', 'angry', 0.8),
  ('12000000-0000-0000-0000-000000000111', 'd0000000-0000-0000-0000-000000000018', 'e0000000-0000-0000-0000-000000000018', 'agent', 'b0000000-0000-0000-0000-000000000003', 2, 7.1, 10.1, 'I sincerely apologize. What happened?', 'empathetic', 0.96),
  ('12000000-0000-0000-0000-000000000112', 'd0000000-0000-0000-0000-000000000018', 'e0000000-0000-0000-0000-000000000018', 'customer', NULL, 3, 11.3, 13.2, 'The agent was rude and did not solve my problem.', 'angry', 0.75),
  ('12000000-0000-0000-0000-000000000113', 'd0000000-0000-0000-0000-000000000018', 'e0000000-0000-0000-0000-000000000018', 'agent', 'b0000000-0000-0000-0000-000000000003', 4, 14.6, 17.5, 'That is not acceptable. I will escalate this and personally ensure your issue is resolved today.', 'empathetic', 0.94),
  ('12000000-0000-0000-0000-000000000114', 'd0000000-0000-0000-0000-000000000018', 'e0000000-0000-0000-0000-000000000018', 'customer', NULL, 5, 18.9, 20.9, 'I appreciate that.', 'neutral', 0.84),
  ('12000000-0000-0000-0000-000000000115', 'd0000000-0000-0000-0000-000000000019', 'e0000000-0000-0000-0000-000000000019', 'agent', 'b0000000-0000-0000-0000-000000000007', 0, 0.0, 2.6, 'Good morning, support team here.', 'neutral', 0.77),
  ('12000000-0000-0000-0000-000000000116', 'd0000000-0000-0000-0000-000000000019', 'e0000000-0000-0000-0000-000000000019', 'customer', NULL, 1, 3.5, 5.9, 'Can you help me set up two-factor authentication?', 'neutral', 0.92),
  ('12000000-0000-0000-0000-000000000117', 'd0000000-0000-0000-0000-000000000019', 'e0000000-0000-0000-0000-000000000019', 'agent', 'b0000000-0000-0000-0000-000000000007', 2, 7.2, 9.0, 'Absolutely! Go to Settings, then Security, then enable 2FA.', 'happy', 0.96),
  ('12000000-0000-0000-0000-000000000118', 'd0000000-0000-0000-0000-000000000019', 'e0000000-0000-0000-0000-000000000019', 'customer', NULL, 3, 10.3, 13.6, 'Got it, what app should I use?', 'neutral', 0.79),
  ('12000000-0000-0000-0000-000000000119', 'd0000000-0000-0000-0000-000000000019', 'e0000000-0000-0000-0000-000000000019', 'agent', 'b0000000-0000-0000-0000-000000000007', 4, 15.1, 17.3, 'Google Authenticator or Authy both work great.', 'neutral', 0.91),
  ('12000000-0000-0000-0000-000000000120', 'd0000000-0000-0000-0000-000000000019', 'e0000000-0000-0000-0000-000000000019', 'customer', NULL, 5, 18.2, 20.9, 'Done! Thanks for walking me through it.', 'happy', 0.79),
  ('12000000-0000-0000-0000-000000000121', 'd0000000-0000-0000-0000-000000000020', 'e0000000-0000-0000-0000-000000000020', 'agent', 'b0000000-0000-0000-0000-000000000008', 0, 0.0, 2.7, 'Thank you for calling. How may I help?', 'neutral', 0.75),
  ('12000000-0000-0000-0000-000000000122', 'd0000000-0000-0000-0000-000000000020', 'e0000000-0000-0000-0000-000000000020', 'customer', NULL, 1, 3.6, 6.0, 'I want to cancel my subscription.', 'sad', 0.73),
  ('12000000-0000-0000-0000-000000000123', 'd0000000-0000-0000-0000-000000000020', 'e0000000-0000-0000-0000-000000000020', 'agent', 'b0000000-0000-0000-0000-000000000008', 2, 7.0, 10.7, 'I am sorry to hear that. May I ask why?', 'empathetic', 0.83),
  ('12000000-0000-0000-0000-000000000124', 'd0000000-0000-0000-0000-000000000020', 'e0000000-0000-0000-0000-000000000020', 'customer', NULL, 3, 11.2, 13.3, 'It is too expensive for what I get.', 'frustrated', 0.78),
  ('12000000-0000-0000-0000-000000000125', 'd0000000-0000-0000-0000-000000000020', 'e0000000-0000-0000-0000-000000000020', 'agent', 'b0000000-0000-0000-0000-000000000008', 4, 13.9, 16.6, 'I understand. Would you be interested in our discounted plan at 40% off?', 'neutral', 0.88),
  ('12000000-0000-0000-0000-000000000126', 'd0000000-0000-0000-0000-000000000020', 'e0000000-0000-0000-0000-000000000020', 'customer', NULL, 5, 16.9, 19.1, 'Hmm, that sounds interesting. Tell me more.', 'neutral', 0.78),
  ('12000000-0000-0000-0000-000000000127', 'd0000000-0000-0000-0000-000000000020', 'e0000000-0000-0000-0000-000000000020', 'agent', 'b0000000-0000-0000-0000-000000000008', 6, 19.7, 22.9, 'It includes all core features at a reduced price.', 'neutral', 0.77),
  ('12000000-0000-0000-0000-000000000128', 'd0000000-0000-0000-0000-000000000020', 'e0000000-0000-0000-0000-000000000020', 'customer', NULL, 7, 23.9, 26.3, 'Okay, switch me to that plan instead.', 'happy', 0.97),
  ('12000000-0000-0000-0000-000000000129', 'd0000000-0000-0000-0000-000000000021', 'e0000000-0000-0000-0000-000000000021', 'agent', 'b0000000-0000-0000-0000-000000000009', 0, 0.0, 3.3, 'Good morning, how can I help you today?', 'neutral', 0.74),
  ('12000000-0000-0000-0000-000000000130', 'd0000000-0000-0000-0000-000000000021', 'e0000000-0000-0000-0000-000000000021', 'customer', NULL, 1, 4.3, 7.7, 'Hi, I need help with my account.', 'neutral', 0.84),
  ('12000000-0000-0000-0000-000000000131', 'd0000000-0000-0000-0000-000000000021', 'e0000000-0000-0000-0000-000000000021', 'agent', 'b0000000-0000-0000-0000-000000000009', 2, 9.2, 12.8, 'Sure, I can help with that. What seems to be the issue?', 'neutral', 0.74),
  ('12000000-0000-0000-0000-000000000132', 'd0000000-0000-0000-0000-000000000021', 'e0000000-0000-0000-0000-000000000021', 'customer', NULL, 3, 13.5, 15.8, 'I cannot log in.', 'frustrated', 0.88),
  ('12000000-0000-0000-0000-000000000133', 'd0000000-0000-0000-0000-000000000021', 'e0000000-0000-0000-0000-000000000021', 'agent', 'b0000000-0000-0000-0000-000000000009', 4, 16.2, 17.8, 'Let me reset your password for you.', 'empathetic', 0.74),
  ('12000000-0000-0000-0000-000000000134', 'd0000000-0000-0000-0000-000000000021', 'e0000000-0000-0000-0000-000000000021', 'customer', NULL, 5, 18.9, 22.3, 'Thank you so much!', 'happy', 0.68),
  ('12000000-0000-0000-0000-000000000135', 'd0000000-0000-0000-0000-000000000022', 'e0000000-0000-0000-0000-000000000022', 'agent', 'b0000000-0000-0000-0000-000000000010', 0, 0.0, 1.7, 'Hello, welcome to support.', 'neutral', 0.85),
  ('12000000-0000-0000-0000-000000000136', 'd0000000-0000-0000-0000-000000000022', 'e0000000-0000-0000-0000-000000000022', 'customer', NULL, 1, 2.1, 4.0, 'I want a refund for my last purchase.', 'frustrated', 0.83),
  ('12000000-0000-0000-0000-000000000137', 'd0000000-0000-0000-0000-000000000022', 'e0000000-0000-0000-0000-000000000022', 'agent', 'b0000000-0000-0000-0000-000000000010', 2, 5.5, 7.3, 'I understand. Can you provide the order number?', 'neutral', 0.89),
  ('12000000-0000-0000-0000-000000000138', 'd0000000-0000-0000-0000-000000000022', 'e0000000-0000-0000-0000-000000000022', 'customer', NULL, 3, 8.5, 10.6, 'It is order 45892.', 'neutral', 0.82),
  ('12000000-0000-0000-0000-000000000139', 'd0000000-0000-0000-0000-000000000022', 'e0000000-0000-0000-0000-000000000022', 'agent', 'b0000000-0000-0000-0000-000000000010', 4, 11.4, 14.0, 'I see the order. Let me process that refund for you right away.', 'empathetic', 0.93),
  ('12000000-0000-0000-0000-000000000140', 'd0000000-0000-0000-0000-000000000022', 'e0000000-0000-0000-0000-000000000022', 'customer', NULL, 5, 14.7, 17.8, 'Great, how long will it take?', 'neutral', 0.85),
  ('12000000-0000-0000-0000-000000000141', 'd0000000-0000-0000-0000-000000000022', 'e0000000-0000-0000-0000-000000000022', 'agent', 'b0000000-0000-0000-0000-000000000010', 6, 19.2, 21.2, 'You should see it within 5 business days.', 'neutral', 0.72),
  ('12000000-0000-0000-0000-000000000142', 'd0000000-0000-0000-0000-000000000022', 'e0000000-0000-0000-0000-000000000022', 'customer', NULL, 7, 22.3, 24.2, 'Okay, thanks.', 'happy', 0.71),
  ('12000000-0000-0000-0000-000000000143', 'd0000000-0000-0000-0000-000000000023', 'e0000000-0000-0000-0000-000000000023', 'agent', 'b0000000-0000-0000-0000-000000000007', 0, 0.0, 2.1, 'Thank you for calling, how may I assist you?', 'neutral', 0.73),
  ('12000000-0000-0000-0000-000000000144', 'd0000000-0000-0000-0000-000000000023', 'e0000000-0000-0000-0000-000000000023', 'customer', NULL, 1, 3.3, 6.3, 'Your service has been terrible lately!', 'angry', 0.91),
  ('12000000-0000-0000-0000-000000000145', 'd0000000-0000-0000-0000-000000000023', 'e0000000-0000-0000-0000-000000000023', 'agent', 'b0000000-0000-0000-0000-000000000007', 2, 6.7, 8.8, 'I am really sorry to hear that. Can you tell me what happened?', 'empathetic', 0.7),
  ('12000000-0000-0000-0000-000000000146', 'd0000000-0000-0000-0000-000000000023', 'e0000000-0000-0000-0000-000000000023', 'customer', NULL, 3, 9.3, 10.9, 'My internet has been down for three days!', 'angry', 0.9),
  ('12000000-0000-0000-0000-000000000147', 'd0000000-0000-0000-0000-000000000023', 'e0000000-0000-0000-0000-000000000023', 'agent', 'b0000000-0000-0000-0000-000000000007', 4, 12.2, 16.0, 'That is unacceptable. Let me escalate this immediately.', 'empathetic', 0.79),
  ('12000000-0000-0000-0000-000000000148', 'd0000000-0000-0000-0000-000000000023', 'e0000000-0000-0000-0000-000000000023', 'customer', NULL, 5, 16.7, 19.2, 'Please do. This is ruining my work.', 'frustrated', 0.74),
  ('12000000-0000-0000-0000-000000000149', 'd0000000-0000-0000-0000-000000000024', 'e0000000-0000-0000-0000-000000000024', 'agent', 'b0000000-0000-0000-0000-000000000008', 0, 0.0, 3.2, 'Hi there, what can I do for you?', 'neutral', 0.74),
  ('12000000-0000-0000-0000-000000000150', 'd0000000-0000-0000-0000-000000000024', 'e0000000-0000-0000-0000-000000000024', 'customer', NULL, 1, 3.5, 6.9, 'I need to update my billing address.', 'neutral', 0.8),
  ('12000000-0000-0000-0000-000000000151', 'd0000000-0000-0000-0000-000000000024', 'e0000000-0000-0000-0000-000000000024', 'agent', 'b0000000-0000-0000-0000-000000000008', 2, 8.0, 11.8, 'Of course. What is the new address?', 'neutral', 0.71),
  ('12000000-0000-0000-0000-000000000152', 'd0000000-0000-0000-0000-000000000024', 'e0000000-0000-0000-0000-000000000024', 'customer', NULL, 3, 12.8, 15.9, '123 Nile Street, Cairo.', 'neutral', 0.81),
  ('12000000-0000-0000-0000-000000000153', 'd0000000-0000-0000-0000-000000000024', 'e0000000-0000-0000-0000-000000000024', 'agent', 'b0000000-0000-0000-0000-000000000008', 4, 16.3, 18.7, 'Updated! Anything else?', 'neutral', 0.76),
  ('12000000-0000-0000-0000-000000000154', 'd0000000-0000-0000-0000-000000000024', 'e0000000-0000-0000-0000-000000000024', 'customer', NULL, 5, 19.8, 23.4, 'No, that is all. Thank you.', 'happy', 0.76),
  ('12000000-0000-0000-0000-000000000155', 'd0000000-0000-0000-0000-000000000025', 'e0000000-0000-0000-0000-000000000025', 'agent', 'b0000000-0000-0000-0000-000000000009', 0, 0.0, 3.6, 'Welcome to support, how can I help?', 'neutral', 0.65),
  ('12000000-0000-0000-0000-000000000156', 'd0000000-0000-0000-0000-000000000025', 'e0000000-0000-0000-0000-000000000025', 'customer', NULL, 1, 4.9, 7.6, 'I am scared my account has been hacked.', 'fearful', 0.67),
  ('12000000-0000-0000-0000-000000000157', 'd0000000-0000-0000-0000-000000000025', 'e0000000-0000-0000-0000-000000000025', 'agent', 'b0000000-0000-0000-0000-000000000009', 2, 8.6, 11.3, 'I understand your concern. Let me check the recent activity on your account.', 'empathetic', 0.79),
  ('12000000-0000-0000-0000-000000000158', 'd0000000-0000-0000-0000-000000000025', 'e0000000-0000-0000-0000-000000000025', 'customer', NULL, 3, 11.9, 13.7, 'Please hurry, I see charges I did not make.', 'fearful', 0.74),
  ('12000000-0000-0000-0000-000000000159', 'd0000000-0000-0000-0000-000000000025', 'e0000000-0000-0000-0000-000000000025', 'agent', 'b0000000-0000-0000-0000-000000000009', 4, 14.6, 16.2, 'I have secured your account and reversed the unauthorized charges.', 'empathetic', 0.85),
  ('12000000-0000-0000-0000-000000000160', 'd0000000-0000-0000-0000-000000000025', 'e0000000-0000-0000-0000-000000000025', 'customer', NULL, 5, 17.4, 19.7, 'Oh thank goodness. Thank you so much.', 'happy', 0.65),
  ('12000000-0000-0000-0000-000000000161', 'd0000000-0000-0000-0000-000000000026', 'e0000000-0000-0000-0000-000000000026', 'agent', 'b0000000-0000-0000-0000-000000000010', 0, 0.0, 2.2, 'Good afternoon! How can I assist you today?', 'happy', 0.92),
  ('12000000-0000-0000-0000-000000000162', 'd0000000-0000-0000-0000-000000000026', 'e0000000-0000-0000-0000-000000000026', 'customer', NULL, 1, 3.7, 5.8, 'I have a question about my subscription plan.', 'neutral', 0.83),
  ('12000000-0000-0000-0000-000000000163', 'd0000000-0000-0000-0000-000000000026', 'e0000000-0000-0000-0000-000000000026', 'agent', 'b0000000-0000-0000-0000-000000000010', 2, 7.2, 10.0, 'Happy to help! Which plan are you on?', 'happy', 0.93),
  ('12000000-0000-0000-0000-000000000164', 'd0000000-0000-0000-0000-000000000026', 'e0000000-0000-0000-0000-000000000026', 'customer', NULL, 3, 10.6, 14.1, 'The premium plan, but I want to downgrade.', 'neutral', 0.78),
  ('12000000-0000-0000-0000-000000000165', 'd0000000-0000-0000-0000-000000000026', 'e0000000-0000-0000-0000-000000000026', 'agent', 'b0000000-0000-0000-0000-000000000010', 4, 15.0, 18.6, 'I can process that for you. The change will take effect next billing cycle.', 'neutral', 0.74),
  ('12000000-0000-0000-0000-000000000166', 'd0000000-0000-0000-0000-000000000026', 'e0000000-0000-0000-0000-000000000026', 'customer', NULL, 5, 19.3, 22.3, 'Perfect, thanks for the quick help.', 'happy', 0.97),
  ('12000000-0000-0000-0000-000000000167', 'd0000000-0000-0000-0000-000000000027', 'e0000000-0000-0000-0000-000000000027', 'agent', 'b0000000-0000-0000-0000-000000000007', 0, 0.0, 2.1, 'Hello, thank you for reaching out.', 'neutral', 0.77),
  ('12000000-0000-0000-0000-000000000168', 'd0000000-0000-0000-0000-000000000027', 'e0000000-0000-0000-0000-000000000027', 'customer', NULL, 1, 3.4, 5.9, 'I am having trouble with the mobile app.', 'frustrated', 0.75),
  ('12000000-0000-0000-0000-000000000169', 'd0000000-0000-0000-0000-000000000027', 'e0000000-0000-0000-0000-000000000027', 'agent', 'b0000000-0000-0000-0000-000000000007', 2, 7.3, 9.8, 'I am sorry about that. What exactly is happening?', 'empathetic', 0.97),
  ('12000000-0000-0000-0000-000000000170', 'd0000000-0000-0000-0000-000000000027', 'e0000000-0000-0000-0000-000000000027', 'customer', NULL, 3, 10.9, 12.8, 'It keeps crashing when I open it.', 'frustrated', 0.96),
  ('12000000-0000-0000-0000-000000000171', 'd0000000-0000-0000-0000-000000000027', 'e0000000-0000-0000-0000-000000000027', 'agent', 'b0000000-0000-0000-0000-000000000007', 4, 14.3, 16.6, 'Try clearing the cache and reinstalling. I will also report this to our tech team.', 'neutral', 0.68),
  ('12000000-0000-0000-0000-000000000172', 'd0000000-0000-0000-0000-000000000027', 'e0000000-0000-0000-0000-000000000027', 'customer', NULL, 5, 17.0, 20.8, 'Okay, I will try that.', 'neutral', 0.65),
  ('12000000-0000-0000-0000-000000000173', 'd0000000-0000-0000-0000-000000000028', 'e0000000-0000-0000-0000-000000000028', 'agent', 'b0000000-0000-0000-0000-000000000008', 0, 0.0, 3.6, 'Hi, how can I help you?', 'neutral', 0.92),
  ('12000000-0000-0000-0000-000000000174', 'd0000000-0000-0000-0000-000000000028', 'e0000000-0000-0000-0000-000000000028', 'customer', NULL, 1, 4.9, 7.4, 'I am really upset about the service I received last time.', 'angry', 0.75),
  ('12000000-0000-0000-0000-000000000175', 'd0000000-0000-0000-0000-000000000028', 'e0000000-0000-0000-0000-000000000028', 'agent', 'b0000000-0000-0000-0000-000000000008', 2, 8.6, 12.3, 'I sincerely apologize. What happened?', 'empathetic', 0.66),
  ('12000000-0000-0000-0000-000000000176', 'd0000000-0000-0000-0000-000000000028', 'e0000000-0000-0000-0000-000000000028', 'customer', NULL, 3, 13.4, 17.2, 'The agent was rude and did not solve my problem.', 'angry', 0.97),
  ('12000000-0000-0000-0000-000000000177', 'd0000000-0000-0000-0000-000000000028', 'e0000000-0000-0000-0000-000000000028', 'agent', 'b0000000-0000-0000-0000-000000000008', 4, 18.0, 19.7, 'That is not acceptable. I will escalate this and personally ensure your issue is resolved today.', 'empathetic', 0.85),
  ('12000000-0000-0000-0000-000000000178', 'd0000000-0000-0000-0000-000000000028', 'e0000000-0000-0000-0000-000000000028', 'customer', NULL, 5, 20.5, 23.7, 'I appreciate that.', 'neutral', 0.94),
  ('12000000-0000-0000-0000-000000000179', 'd0000000-0000-0000-0000-000000000029', 'e0000000-0000-0000-0000-000000000029', 'agent', 'b0000000-0000-0000-0000-000000000009', 0, 0.0, 3.0, 'Good morning, support team here.', 'neutral', 0.77),
  ('12000000-0000-0000-0000-000000000180', 'd0000000-0000-0000-0000-000000000029', 'e0000000-0000-0000-0000-000000000029', 'customer', NULL, 1, 4.1, 6.8, 'Can you help me set up two-factor authentication?', 'neutral', 0.84),
  ('12000000-0000-0000-0000-000000000181', 'd0000000-0000-0000-0000-000000000029', 'e0000000-0000-0000-0000-000000000029', 'agent', 'b0000000-0000-0000-0000-000000000009', 2, 7.4, 10.5, 'Absolutely! Go to Settings, then Security, then enable 2FA.', 'happy', 0.8),
  ('12000000-0000-0000-0000-000000000182', 'd0000000-0000-0000-0000-000000000029', 'e0000000-0000-0000-0000-000000000029', 'customer', NULL, 3, 11.9, 14.6, 'Got it, what app should I use?', 'neutral', 0.74),
  ('12000000-0000-0000-0000-000000000183', 'd0000000-0000-0000-0000-000000000029', 'e0000000-0000-0000-0000-000000000029', 'agent', 'b0000000-0000-0000-0000-000000000009', 4, 15.0, 18.9, 'Google Authenticator or Authy both work great.', 'neutral', 0.97),
  ('12000000-0000-0000-0000-000000000184', 'd0000000-0000-0000-0000-000000000029', 'e0000000-0000-0000-0000-000000000029', 'customer', NULL, 5, 19.6, 23.5, 'Done! Thanks for walking me through it.', 'happy', 0.87),
  ('12000000-0000-0000-0000-000000000185', 'd0000000-0000-0000-0000-000000000030', 'e0000000-0000-0000-0000-000000000030', 'agent', 'b0000000-0000-0000-0000-000000000010', 0, 0.0, 3.6, 'Thank you for calling. How may I help?', 'neutral', 0.78),
  ('12000000-0000-0000-0000-000000000186', 'd0000000-0000-0000-0000-000000000030', 'e0000000-0000-0000-0000-000000000030', 'customer', NULL, 1, 3.9, 7.6, 'I want to cancel my subscription.', 'sad', 0.9),
  ('12000000-0000-0000-0000-000000000187', 'd0000000-0000-0000-0000-000000000030', 'e0000000-0000-0000-0000-000000000030', 'agent', 'b0000000-0000-0000-0000-000000000010', 2, 9.0, 12.4, 'I am sorry to hear that. May I ask why?', 'empathetic', 0.92),
  ('12000000-0000-0000-0000-000000000188', 'd0000000-0000-0000-0000-000000000030', 'e0000000-0000-0000-0000-000000000030', 'customer', NULL, 3, 13.6, 15.7, 'It is too expensive for what I get.', 'frustrated', 0.91),
  ('12000000-0000-0000-0000-000000000189', 'd0000000-0000-0000-0000-000000000030', 'e0000000-0000-0000-0000-000000000030', 'agent', 'b0000000-0000-0000-0000-000000000010', 4, 16.2, 18.3, 'I understand. Would you be interested in our discounted plan at 40% off?', 'neutral', 0.89),
  ('12000000-0000-0000-0000-000000000190', 'd0000000-0000-0000-0000-000000000030', 'e0000000-0000-0000-0000-000000000030', 'customer', NULL, 5, 19.4, 21.2, 'Hmm, that sounds interesting. Tell me more.', 'neutral', 0.68),
  ('12000000-0000-0000-0000-000000000191', 'd0000000-0000-0000-0000-000000000030', 'e0000000-0000-0000-0000-000000000030', 'agent', 'b0000000-0000-0000-0000-000000000010', 6, 22.3, 23.9, 'It includes all core features at a reduced price.', 'neutral', 0.9),
  ('12000000-0000-0000-0000-000000000192', 'd0000000-0000-0000-0000-000000000030', 'e0000000-0000-0000-0000-000000000030', 'customer', NULL, 7, 24.2, 26.6, 'Okay, switch me to that plan instead.', 'happy', 0.69);

-- interaction_scores
INSERT INTO interaction_scores (interaction_id, overall_score, empathy_score, policy_score, resolution_score, was_resolved, total_silence_seconds, avg_response_time_seconds) VALUES
  ('d0000000-0000-0000-0000-000000000001', 5.7, 7.1, 4.7, 5.0, false, 3.3, 4.4),
  ('d0000000-0000-0000-0000-000000000002', 9.7, 10.0, 9.4, 10.0, true, 13.0, 4.1),
  ('d0000000-0000-0000-0000-000000000003', 5.7, 4.7, 5.7, 6.5, true, 7.0, 3.4),
  ('d0000000-0000-0000-0000-000000000004', 8.1, 8.4, 6.6, 9.4, true, 9.0, 4.1),
  ('d0000000-0000-0000-0000-000000000005', 8.4, 8.1, 8.4, 8.5, true, 13.7, 2.8),
  ('d0000000-0000-0000-0000-000000000006', 7.0, 6.9, 7.2, 8.0, false, 14.8, 1.4),
  ('d0000000-0000-0000-0000-000000000007', 5.8, 4.3, 5.0, 7.6, true, 12.2, 2.1),
  ('d0000000-0000-0000-0000-000000000008', 7.5, 8.8, 6.1, 8.6, true, 5.1, 2.6),
  ('d0000000-0000-0000-0000-000000000009', 9.5, 8.3, 10.0, 9.3, true, 13.6, 4.0),
  ('d0000000-0000-0000-0000-000000000010', 8.8, 9.9, 9.5, 8.4, true, 5.2, 1.4),
  ('d0000000-0000-0000-0000-000000000011', 6.7, 7.7, 7.3, 6.4, false, 10.6, 2.6),
  ('d0000000-0000-0000-0000-000000000012', 5.3, 5.8, 4.3, 5.2, true, 13.0, 3.9),
  ('d0000000-0000-0000-0000-000000000013', 8.2, 7.6, 8.2, 9.1, true, 3.2, 4.8),
  ('d0000000-0000-0000-0000-000000000014', 5.8, 7.2, 5.4, 5.0, true, 5.2, 4.4),
  ('d0000000-0000-0000-0000-000000000015', 6.6, 7.8, 4.8, 6.1, true, 7.0, 1.6),
  ('d0000000-0000-0000-0000-000000000016', 7.1, 5.7, 6.1, 8.1, false, 7.3, 1.7),
  ('d0000000-0000-0000-0000-000000000017', 6.1, 4.8, 7.0, 5.2, true, 2.4, 2.0),
  ('d0000000-0000-0000-0000-000000000018', 8.3, 7.7, 8.4, 9.7, true, 12.4, 3.3),
  ('d0000000-0000-0000-0000-000000000019', 9.1, 10.0, 7.4, 10.0, true, 5.2, 2.9),
  ('d0000000-0000-0000-0000-000000000020', 7.2, 6.6, 5.9, 8.4, true, 6.1, 4.0),
  ('d0000000-0000-0000-0000-000000000021', 7.3, 6.8, 8.2, 7.1, false, 13.2, 1.5),
  ('d0000000-0000-0000-0000-000000000022', 7.2, 7.5, 6.1, 6.9, true, 11.2, 3.8),
  ('d0000000-0000-0000-0000-000000000023', 7.9, 9.1, 8.1, 8.7, true, 2.3, 1.9),
  ('d0000000-0000-0000-0000-000000000024', 9.5, 10.0, 9.2, 9.9, true, 6.1, 2.3),
  ('d0000000-0000-0000-0000-000000000025', 9.0, 7.8, 9.8, 9.9, true, 4.0, 4.7),
  ('d0000000-0000-0000-0000-000000000026', 7.6, 7.1, 7.3, 8.2, false, 7.9, 2.3),
  ('d0000000-0000-0000-0000-000000000027', 9.2, 10.0, 7.4, 10.0, true, 5.4, 3.5),
  ('d0000000-0000-0000-0000-000000000028', 6.4, 6.0, 4.8, 7.0, true, 9.4, 4.2),
  ('d0000000-0000-0000-0000-000000000029', 9.8, 10.0, 8.1, 9.9, true, 6.7, 2.2),
  ('d0000000-0000-0000-0000-000000000030', 7.0, 6.1, 7.4, 8.6, true, 6.8, 3.0);

-- emotion_events
INSERT INTO emotion_events (id, interaction_id, utterance_id, previous_emotion, new_emotion, emotion_delta, speaker_role, llm_justification, jump_to_seconds, is_flagged) VALUES
  ('11000000-0000-0000-0000-000000000001', 'd0000000-0000-0000-0000-000000000001', '12000000-0000-0000-0000-000000000004', 'neutral', 'frustrated', 0.32, 'customer', 'Speaker shifted from neutral to frustrated.', 10.2, false),
  ('11000000-0000-0000-0000-000000000002', 'd0000000-0000-0000-0000-000000000001', '12000000-0000-0000-0000-000000000005', 'frustrated', 'empathetic', 0.55, 'agent', 'Speaker shifted from frustrated to empathetic.', 14.1, false),
  ('11000000-0000-0000-0000-000000000003', 'd0000000-0000-0000-0000-000000000001', '12000000-0000-0000-0000-000000000006', 'empathetic', 'happy', 0.62, 'customer', 'Speaker shifted from empathetic to happy.', 18.3, false),
  ('11000000-0000-0000-0000-000000000004', 'd0000000-0000-0000-0000-000000000002', '12000000-0000-0000-0000-000000000008', 'neutral', 'frustrated', 0.7, 'customer', 'Speaker shifted from neutral to frustrated.', 4.8, false),
  ('11000000-0000-0000-0000-000000000005', 'd0000000-0000-0000-0000-000000000002', '12000000-0000-0000-0000-000000000009', 'frustrated', 'neutral', 0.62, 'agent', 'Speaker shifted from frustrated to neutral.', 8.2, false),
  ('11000000-0000-0000-0000-000000000006', 'd0000000-0000-0000-0000-000000000002', '12000000-0000-0000-0000-000000000011', 'neutral', 'empathetic', 0.37, 'agent', 'Speaker shifted from neutral to empathetic.', 14.8, false),
  ('11000000-0000-0000-0000-000000000007', 'd0000000-0000-0000-0000-000000000002', '12000000-0000-0000-0000-000000000012', 'empathetic', 'neutral', 0.33, 'customer', 'Speaker shifted from empathetic to neutral.', 18.0, false),
  ('11000000-0000-0000-0000-000000000008', 'd0000000-0000-0000-0000-000000000002', '12000000-0000-0000-0000-000000000014', 'neutral', 'happy', 0.3, 'customer', 'Speaker shifted from neutral to happy.', 25.8, true),
  ('11000000-0000-0000-0000-000000000009', 'd0000000-0000-0000-0000-000000000003', '12000000-0000-0000-0000-000000000016', 'neutral', 'angry', 0.63, 'customer', 'Speaker shifted from neutral to angry.', 3.9, false),
  ('11000000-0000-0000-0000-000000000010', 'd0000000-0000-0000-0000-000000000003', '12000000-0000-0000-0000-000000000017', 'angry', 'empathetic', 0.59, 'agent', 'Speaker shifted from angry to empathetic.', 8.3, false),
  ('11000000-0000-0000-0000-000000000011', 'd0000000-0000-0000-0000-000000000003', '12000000-0000-0000-0000-000000000018', 'empathetic', 'angry', 0.52, 'customer', 'Speaker shifted from empathetic to angry.', 11.5, false),
  ('11000000-0000-0000-0000-000000000012', 'd0000000-0000-0000-0000-000000000003', '12000000-0000-0000-0000-000000000019', 'angry', 'empathetic', 0.42, 'agent', 'Speaker shifted from angry to empathetic.', 14.5, false),
  ('11000000-0000-0000-0000-000000000013', 'd0000000-0000-0000-0000-000000000003', '12000000-0000-0000-0000-000000000020', 'empathetic', 'frustrated', 0.65, 'customer', 'Speaker shifted from empathetic to frustrated.', 18.6, false),
  ('11000000-0000-0000-0000-000000000014', 'd0000000-0000-0000-0000-000000000004', '12000000-0000-0000-0000-000000000026', 'neutral', 'happy', 0.72, 'customer', 'Speaker shifted from neutral to happy.', 19.6, false),
  ('11000000-0000-0000-0000-000000000015', 'd0000000-0000-0000-0000-000000000005', '12000000-0000-0000-0000-000000000028', 'neutral', 'fearful', 0.34, 'customer', 'Speaker shifted from neutral to fearful.', 3.4, false),
  ('11000000-0000-0000-0000-000000000016', 'd0000000-0000-0000-0000-000000000005', '12000000-0000-0000-0000-000000000029', 'fearful', 'empathetic', 0.64, 'agent', 'Speaker shifted from fearful to empathetic.', 8.0, true),
  ('11000000-0000-0000-0000-000000000017', 'd0000000-0000-0000-0000-000000000005', '12000000-0000-0000-0000-000000000030', 'empathetic', 'fearful', 0.28, 'customer', 'Speaker shifted from empathetic to fearful.', 12.2, false),
  ('11000000-0000-0000-0000-000000000018', 'd0000000-0000-0000-0000-000000000005', '12000000-0000-0000-0000-000000000031', 'fearful', 'empathetic', 0.52, 'agent', 'Speaker shifted from fearful to empathetic.', 17.2, false),
  ('11000000-0000-0000-0000-000000000019', 'd0000000-0000-0000-0000-000000000005', '12000000-0000-0000-0000-000000000032', 'empathetic', 'happy', 0.65, 'customer', 'Speaker shifted from empathetic to happy.', 22.1, false),
  ('11000000-0000-0000-0000-000000000020', 'd0000000-0000-0000-0000-000000000006', '12000000-0000-0000-0000-000000000034', 'happy', 'neutral', 0.58, 'customer', 'Speaker shifted from happy to neutral.', 2.9, false),
  ('11000000-0000-0000-0000-000000000021', 'd0000000-0000-0000-0000-000000000006', '12000000-0000-0000-0000-000000000035', 'neutral', 'happy', 0.24, 'agent', 'Speaker shifted from neutral to happy.', 5.6, false),
  ('11000000-0000-0000-0000-000000000022', 'd0000000-0000-0000-0000-000000000006', '12000000-0000-0000-0000-000000000036', 'happy', 'neutral', 0.28, 'customer', 'Speaker shifted from happy to neutral.', 10.0, false),
  ('11000000-0000-0000-0000-000000000023', 'd0000000-0000-0000-0000-000000000006', '12000000-0000-0000-0000-000000000038', 'neutral', 'happy', 0.26, 'customer', 'Speaker shifted from neutral to happy.', 18.7, false),
  ('11000000-0000-0000-0000-000000000024', 'd0000000-0000-0000-0000-000000000007', '12000000-0000-0000-0000-000000000040', 'neutral', 'frustrated', 0.31, 'customer', 'Speaker shifted from neutral to frustrated.', 4.0, true),
  ('11000000-0000-0000-0000-000000000025', 'd0000000-0000-0000-0000-000000000007', '12000000-0000-0000-0000-000000000041', 'frustrated', 'empathetic', 0.68, 'agent', 'Speaker shifted from frustrated to empathetic.', 7.7, false),
  ('11000000-0000-0000-0000-000000000026', 'd0000000-0000-0000-0000-000000000007', '12000000-0000-0000-0000-000000000042', 'empathetic', 'frustrated', 0.52, 'customer', 'Speaker shifted from empathetic to frustrated.', 12.7, false),
  ('11000000-0000-0000-0000-000000000027', 'd0000000-0000-0000-0000-000000000007', '12000000-0000-0000-0000-000000000043', 'frustrated', 'neutral', 0.34, 'agent', 'Speaker shifted from frustrated to neutral.', 14.7, false),
  ('11000000-0000-0000-0000-000000000028', 'd0000000-0000-0000-0000-000000000008', '12000000-0000-0000-0000-000000000046', 'neutral', 'angry', 0.23, 'customer', 'Speaker shifted from neutral to angry.', 3.2, false),
  ('11000000-0000-0000-0000-000000000029', 'd0000000-0000-0000-0000-000000000008', '12000000-0000-0000-0000-000000000047', 'angry', 'empathetic', 0.29, 'agent', 'Speaker shifted from angry to empathetic.', 7.1, false),
  ('11000000-0000-0000-0000-000000000030', 'd0000000-0000-0000-0000-000000000008', '12000000-0000-0000-0000-000000000048', 'empathetic', 'angry', 0.56, 'customer', 'Speaker shifted from empathetic to angry.', 11.4, false),
  ('11000000-0000-0000-0000-000000000031', 'd0000000-0000-0000-0000-000000000008', '12000000-0000-0000-0000-000000000049', 'angry', 'empathetic', 0.73, 'agent', 'Speaker shifted from angry to empathetic.', 14.2, false),
  ('11000000-0000-0000-0000-000000000032', 'd0000000-0000-0000-0000-000000000008', '12000000-0000-0000-0000-000000000050', 'empathetic', 'neutral', 0.45, 'customer', 'Speaker shifted from empathetic to neutral.', 16.9, true),
  ('11000000-0000-0000-0000-000000000033', 'd0000000-0000-0000-0000-000000000009', '12000000-0000-0000-0000-000000000053', 'neutral', 'happy', 0.28, 'agent', 'Speaker shifted from neutral to happy.', 7.6, false),
  ('11000000-0000-0000-0000-000000000034', 'd0000000-0000-0000-0000-000000000009', '12000000-0000-0000-0000-000000000054', 'happy', 'neutral', 0.37, 'customer', 'Speaker shifted from happy to neutral.', 11.1, false),
  ('11000000-0000-0000-0000-000000000035', 'd0000000-0000-0000-0000-000000000009', '12000000-0000-0000-0000-000000000056', 'neutral', 'happy', 0.6, 'customer', 'Speaker shifted from neutral to happy.', 18.0, false),
  ('11000000-0000-0000-0000-000000000036', 'd0000000-0000-0000-0000-000000000010', '12000000-0000-0000-0000-000000000058', 'neutral', 'sad', 0.49, 'customer', 'Speaker shifted from neutral to sad.', 3.5, false),
  ('11000000-0000-0000-0000-000000000037', 'd0000000-0000-0000-0000-000000000010', '12000000-0000-0000-0000-000000000059', 'sad', 'empathetic', 0.45, 'agent', 'Speaker shifted from sad to empathetic.', 8.0, false),
  ('11000000-0000-0000-0000-000000000038', 'd0000000-0000-0000-0000-000000000010', '12000000-0000-0000-0000-000000000060', 'empathetic', 'frustrated', 0.58, 'customer', 'Speaker shifted from empathetic to frustrated.', 12.2, false),
  ('11000000-0000-0000-0000-000000000039', 'd0000000-0000-0000-0000-000000000010', '12000000-0000-0000-0000-000000000061', 'frustrated', 'neutral', 0.46, 'agent', 'Speaker shifted from frustrated to neutral.', 14.3, false),
  ('11000000-0000-0000-0000-000000000040', 'd0000000-0000-0000-0000-000000000010', '12000000-0000-0000-0000-000000000064', 'neutral', 'happy', 0.38, 'customer', 'Speaker shifted from neutral to happy.', 25.0, true),
  ('11000000-0000-0000-0000-000000000041', 'd0000000-0000-0000-0000-000000000011', '12000000-0000-0000-0000-000000000068', 'neutral', 'frustrated', 0.6, 'customer', 'Speaker shifted from neutral to frustrated.', 10.3, false),
  ('11000000-0000-0000-0000-000000000042', 'd0000000-0000-0000-0000-000000000011', '12000000-0000-0000-0000-000000000069', 'frustrated', 'empathetic', 0.62, 'agent', 'Speaker shifted from frustrated to empathetic.', 15.0, false),
  ('11000000-0000-0000-0000-000000000043', 'd0000000-0000-0000-0000-000000000011', '12000000-0000-0000-0000-000000000070', 'empathetic', 'happy', 0.32, 'customer', 'Speaker shifted from empathetic to happy.', 17.9, false),
  ('11000000-0000-0000-0000-000000000044', 'd0000000-0000-0000-0000-000000000012', '12000000-0000-0000-0000-000000000072', 'neutral', 'frustrated', 0.52, 'customer', 'Speaker shifted from neutral to frustrated.', 5.0, false),
  ('11000000-0000-0000-0000-000000000045', 'd0000000-0000-0000-0000-000000000012', '12000000-0000-0000-0000-000000000073', 'frustrated', 'neutral', 0.31, 'agent', 'Speaker shifted from frustrated to neutral.', 8.9, false),
  ('11000000-0000-0000-0000-000000000046', 'd0000000-0000-0000-0000-000000000012', '12000000-0000-0000-0000-000000000075', 'neutral', 'empathetic', 0.56, 'agent', 'Speaker shifted from neutral to empathetic.', 15.2, false),
  ('11000000-0000-0000-0000-000000000047', 'd0000000-0000-0000-0000-000000000012', '12000000-0000-0000-0000-000000000076', 'empathetic', 'neutral', 0.35, 'customer', 'Speaker shifted from empathetic to neutral.', 19.4, false),
  ('11000000-0000-0000-0000-000000000048', 'd0000000-0000-0000-0000-000000000012', '12000000-0000-0000-0000-000000000078', 'neutral', 'happy', 0.6, 'customer', 'Speaker shifted from neutral to happy.', 25.5, true),
  ('11000000-0000-0000-0000-000000000049', 'd0000000-0000-0000-0000-000000000013', '12000000-0000-0000-0000-000000000080', 'neutral', 'angry', 0.6, 'customer', 'Speaker shifted from neutral to angry.', 4.3, false),
  ('11000000-0000-0000-0000-000000000050', 'd0000000-0000-0000-0000-000000000013', '12000000-0000-0000-0000-000000000081', 'angry', 'empathetic', 0.54, 'agent', 'Speaker shifted from angry to empathetic.', 8.0, false),
  ('11000000-0000-0000-0000-000000000051', 'd0000000-0000-0000-0000-000000000013', '12000000-0000-0000-0000-000000000082', 'empathetic', 'angry', 0.33, 'customer', 'Speaker shifted from empathetic to angry.', 12.2, false),
  ('11000000-0000-0000-0000-000000000052', 'd0000000-0000-0000-0000-000000000013', '12000000-0000-0000-0000-000000000083', 'angry', 'empathetic', 0.47, 'agent', 'Speaker shifted from angry to empathetic.', 17.0, false),
  ('11000000-0000-0000-0000-000000000053', 'd0000000-0000-0000-0000-000000000013', '12000000-0000-0000-0000-000000000084', 'empathetic', 'frustrated', 0.78, 'customer', 'Speaker shifted from empathetic to frustrated.', 21.1, false),
  ('11000000-0000-0000-0000-000000000054', 'd0000000-0000-0000-0000-000000000014', '12000000-0000-0000-0000-000000000090', 'neutral', 'happy', 0.26, 'customer', 'Speaker shifted from neutral to happy.', 13.9, false),
  ('11000000-0000-0000-0000-000000000055', 'd0000000-0000-0000-0000-000000000015', '12000000-0000-0000-0000-000000000092', 'neutral', 'fearful', 0.47, 'customer', 'Speaker shifted from neutral to fearful.', 3.7, false),
  ('11000000-0000-0000-0000-000000000056', 'd0000000-0000-0000-0000-000000000015', '12000000-0000-0000-0000-000000000093', 'fearful', 'empathetic', 0.74, 'agent', 'Speaker shifted from fearful to empathetic.', 7.3, true),
  ('11000000-0000-0000-0000-000000000057', 'd0000000-0000-0000-0000-000000000015', '12000000-0000-0000-0000-000000000094', 'empathetic', 'fearful', 0.47, 'customer', 'Speaker shifted from empathetic to fearful.', 11.8, false),
  ('11000000-0000-0000-0000-000000000058', 'd0000000-0000-0000-0000-000000000015', '12000000-0000-0000-0000-000000000095', 'fearful', 'empathetic', 0.67, 'agent', 'Speaker shifted from fearful to empathetic.', 14.9, false),
  ('11000000-0000-0000-0000-000000000059', 'd0000000-0000-0000-0000-000000000015', '12000000-0000-0000-0000-000000000096', 'empathetic', 'happy', 0.63, 'customer', 'Speaker shifted from empathetic to happy.', 19.4, false),
  ('11000000-0000-0000-0000-000000000060', 'd0000000-0000-0000-0000-000000000016', '12000000-0000-0000-0000-000000000098', 'happy', 'neutral', 0.74, 'customer', 'Speaker shifted from happy to neutral.', 3.3, false),
  ('11000000-0000-0000-0000-000000000061', 'd0000000-0000-0000-0000-000000000016', '12000000-0000-0000-0000-000000000099', 'neutral', 'happy', 0.66, 'agent', 'Speaker shifted from neutral to happy.', 6.3, false),
  ('11000000-0000-0000-0000-000000000062', 'd0000000-0000-0000-0000-000000000016', '12000000-0000-0000-0000-000000000100', 'happy', 'neutral', 0.65, 'customer', 'Speaker shifted from happy to neutral.', 10.3, false),
  ('11000000-0000-0000-0000-000000000063', 'd0000000-0000-0000-0000-000000000016', '12000000-0000-0000-0000-000000000102', 'neutral', 'happy', 0.33, 'customer', 'Speaker shifted from neutral to happy.', 18.2, false),
  ('11000000-0000-0000-0000-000000000064', 'd0000000-0000-0000-0000-000000000017', '12000000-0000-0000-0000-000000000104', 'neutral', 'frustrated', 0.25, 'customer', 'Speaker shifted from neutral to frustrated.', 5.4, true),
  ('11000000-0000-0000-0000-000000000065', 'd0000000-0000-0000-0000-000000000017', '12000000-0000-0000-0000-000000000105', 'frustrated', 'empathetic', 0.36, 'agent', 'Speaker shifted from frustrated to empathetic.', 9.2, false),
  ('11000000-0000-0000-0000-000000000066', 'd0000000-0000-0000-0000-000000000017', '12000000-0000-0000-0000-000000000106', 'empathetic', 'frustrated', 0.73, 'customer', 'Speaker shifted from empathetic to frustrated.', 13.6, false),
  ('11000000-0000-0000-0000-000000000067', 'd0000000-0000-0000-0000-000000000017', '12000000-0000-0000-0000-000000000107', 'frustrated', 'neutral', 0.7, 'agent', 'Speaker shifted from frustrated to neutral.', 16.8, false),
  ('11000000-0000-0000-0000-000000000068', 'd0000000-0000-0000-0000-000000000018', '12000000-0000-0000-0000-000000000110', 'neutral', 'angry', 0.35, 'customer', 'Speaker shifted from neutral to angry.', 2.5, false),
  ('11000000-0000-0000-0000-000000000069', 'd0000000-0000-0000-0000-000000000018', '12000000-0000-0000-0000-000000000111', 'angry', 'empathetic', 0.63, 'agent', 'Speaker shifted from angry to empathetic.', 7.1, false),
  ('11000000-0000-0000-0000-000000000070', 'd0000000-0000-0000-0000-000000000018', '12000000-0000-0000-0000-000000000112', 'empathetic', 'angry', 0.55, 'customer', 'Speaker shifted from empathetic to angry.', 11.3, false),
  ('11000000-0000-0000-0000-000000000071', 'd0000000-0000-0000-0000-000000000018', '12000000-0000-0000-0000-000000000113', 'angry', 'empathetic', 0.43, 'agent', 'Speaker shifted from angry to empathetic.', 14.6, false),
  ('11000000-0000-0000-0000-000000000072', 'd0000000-0000-0000-0000-000000000018', '12000000-0000-0000-0000-000000000114', 'empathetic', 'neutral', 0.7, 'customer', 'Speaker shifted from empathetic to neutral.', 18.9, true),
  ('11000000-0000-0000-0000-000000000073', 'd0000000-0000-0000-0000-000000000019', '12000000-0000-0000-0000-000000000117', 'neutral', 'happy', 0.58, 'agent', 'Speaker shifted from neutral to happy.', 7.2, false),
  ('11000000-0000-0000-0000-000000000074', 'd0000000-0000-0000-0000-000000000019', '12000000-0000-0000-0000-000000000118', 'happy', 'neutral', 0.64, 'customer', 'Speaker shifted from happy to neutral.', 10.3, false),
  ('11000000-0000-0000-0000-000000000075', 'd0000000-0000-0000-0000-000000000019', '12000000-0000-0000-0000-000000000120', 'neutral', 'happy', 0.64, 'customer', 'Speaker shifted from neutral to happy.', 18.2, false),
  ('11000000-0000-0000-0000-000000000076', 'd0000000-0000-0000-0000-000000000020', '12000000-0000-0000-0000-000000000122', 'neutral', 'sad', 0.37, 'customer', 'Speaker shifted from neutral to sad.', 3.6, false),
  ('11000000-0000-0000-0000-000000000077', 'd0000000-0000-0000-0000-000000000020', '12000000-0000-0000-0000-000000000123', 'sad', 'empathetic', 0.51, 'agent', 'Speaker shifted from sad to empathetic.', 7.0, false),
  ('11000000-0000-0000-0000-000000000078', 'd0000000-0000-0000-0000-000000000020', '12000000-0000-0000-0000-000000000124', 'empathetic', 'frustrated', 0.53, 'customer', 'Speaker shifted from empathetic to frustrated.', 11.2, false),
  ('11000000-0000-0000-0000-000000000079', 'd0000000-0000-0000-0000-000000000020', '12000000-0000-0000-0000-000000000125', 'frustrated', 'neutral', 0.47, 'agent', 'Speaker shifted from frustrated to neutral.', 13.9, false),
  ('11000000-0000-0000-0000-000000000080', 'd0000000-0000-0000-0000-000000000020', '12000000-0000-0000-0000-000000000128', 'neutral', 'happy', 0.53, 'customer', 'Speaker shifted from neutral to happy.', 23.9, true),
  ('11000000-0000-0000-0000-000000000081', 'd0000000-0000-0000-0000-000000000021', '12000000-0000-0000-0000-000000000132', 'neutral', 'frustrated', 0.28, 'customer', 'Speaker shifted from neutral to frustrated.', 13.5, false),
  ('11000000-0000-0000-0000-000000000082', 'd0000000-0000-0000-0000-000000000021', '12000000-0000-0000-0000-000000000133', 'frustrated', 'empathetic', 0.77, 'agent', 'Speaker shifted from frustrated to empathetic.', 16.2, false),
  ('11000000-0000-0000-0000-000000000083', 'd0000000-0000-0000-0000-000000000021', '12000000-0000-0000-0000-000000000134', 'empathetic', 'happy', 0.21, 'customer', 'Speaker shifted from empathetic to happy.', 18.9, false),
  ('11000000-0000-0000-0000-000000000084', 'd0000000-0000-0000-0000-000000000022', '12000000-0000-0000-0000-000000000136', 'neutral', 'frustrated', 0.38, 'customer', 'Speaker shifted from neutral to frustrated.', 2.1, false),
  ('11000000-0000-0000-0000-000000000085', 'd0000000-0000-0000-0000-000000000022', '12000000-0000-0000-0000-000000000137', 'frustrated', 'neutral', 0.56, 'agent', 'Speaker shifted from frustrated to neutral.', 5.5, false),
  ('11000000-0000-0000-0000-000000000086', 'd0000000-0000-0000-0000-000000000022', '12000000-0000-0000-0000-000000000139', 'neutral', 'empathetic', 0.79, 'agent', 'Speaker shifted from neutral to empathetic.', 11.4, false),
  ('11000000-0000-0000-0000-000000000087', 'd0000000-0000-0000-0000-000000000022', '12000000-0000-0000-0000-000000000140', 'empathetic', 'neutral', 0.64, 'customer', 'Speaker shifted from empathetic to neutral.', 14.7, false),
  ('11000000-0000-0000-0000-000000000088', 'd0000000-0000-0000-0000-000000000022', '12000000-0000-0000-0000-000000000142', 'neutral', 'happy', 0.25, 'customer', 'Speaker shifted from neutral to happy.', 22.3, true),
  ('11000000-0000-0000-0000-000000000089', 'd0000000-0000-0000-0000-000000000023', '12000000-0000-0000-0000-000000000144', 'neutral', 'angry', 0.32, 'customer', 'Speaker shifted from neutral to angry.', 3.3, false),
  ('11000000-0000-0000-0000-000000000090', 'd0000000-0000-0000-0000-000000000023', '12000000-0000-0000-0000-000000000145', 'angry', 'empathetic', 0.36, 'agent', 'Speaker shifted from angry to empathetic.', 6.7, false),
  ('11000000-0000-0000-0000-000000000091', 'd0000000-0000-0000-0000-000000000023', '12000000-0000-0000-0000-000000000146', 'empathetic', 'angry', 0.56, 'customer', 'Speaker shifted from empathetic to angry.', 9.3, false),
  ('11000000-0000-0000-0000-000000000092', 'd0000000-0000-0000-0000-000000000023', '12000000-0000-0000-0000-000000000147', 'angry', 'empathetic', 0.48, 'agent', 'Speaker shifted from angry to empathetic.', 12.2, false),
  ('11000000-0000-0000-0000-000000000093', 'd0000000-0000-0000-0000-000000000023', '12000000-0000-0000-0000-000000000148', 'empathetic', 'frustrated', 0.52, 'customer', 'Speaker shifted from empathetic to frustrated.', 16.7, false),
  ('11000000-0000-0000-0000-000000000094', 'd0000000-0000-0000-0000-000000000024', '12000000-0000-0000-0000-000000000154', 'neutral', 'happy', 0.62, 'customer', 'Speaker shifted from neutral to happy.', 19.8, false),
  ('11000000-0000-0000-0000-000000000095', 'd0000000-0000-0000-0000-000000000025', '12000000-0000-0000-0000-000000000156', 'neutral', 'fearful', 0.51, 'customer', 'Speaker shifted from neutral to fearful.', 4.9, false),
  ('11000000-0000-0000-0000-000000000096', 'd0000000-0000-0000-0000-000000000025', '12000000-0000-0000-0000-000000000157', 'fearful', 'empathetic', 0.23, 'agent', 'Speaker shifted from fearful to empathetic.', 8.6, true),
  ('11000000-0000-0000-0000-000000000097', 'd0000000-0000-0000-0000-000000000025', '12000000-0000-0000-0000-000000000158', 'empathetic', 'fearful', 0.73, 'customer', 'Speaker shifted from empathetic to fearful.', 11.9, false),
  ('11000000-0000-0000-0000-000000000098', 'd0000000-0000-0000-0000-000000000025', '12000000-0000-0000-0000-000000000159', 'fearful', 'empathetic', 0.68, 'agent', 'Speaker shifted from fearful to empathetic.', 14.6, false),
  ('11000000-0000-0000-0000-000000000099', 'd0000000-0000-0000-0000-000000000025', '12000000-0000-0000-0000-000000000160', 'empathetic', 'happy', 0.44, 'customer', 'Speaker shifted from empathetic to happy.', 17.4, false),
  ('11000000-0000-0000-0000-000000000100', 'd0000000-0000-0000-0000-000000000026', '12000000-0000-0000-0000-000000000162', 'happy', 'neutral', 0.43, 'customer', 'Speaker shifted from happy to neutral.', 3.7, false),
  ('11000000-0000-0000-0000-000000000101', 'd0000000-0000-0000-0000-000000000026', '12000000-0000-0000-0000-000000000163', 'neutral', 'happy', 0.72, 'agent', 'Speaker shifted from neutral to happy.', 7.2, false),
  ('11000000-0000-0000-0000-000000000102', 'd0000000-0000-0000-0000-000000000026', '12000000-0000-0000-0000-000000000164', 'happy', 'neutral', 0.76, 'customer', 'Speaker shifted from happy to neutral.', 10.6, false),
  ('11000000-0000-0000-0000-000000000103', 'd0000000-0000-0000-0000-000000000026', '12000000-0000-0000-0000-000000000166', 'neutral', 'happy', 0.49, 'customer', 'Speaker shifted from neutral to happy.', 19.3, false),
  ('11000000-0000-0000-0000-000000000104', 'd0000000-0000-0000-0000-000000000027', '12000000-0000-0000-0000-000000000168', 'neutral', 'frustrated', 0.48, 'customer', 'Speaker shifted from neutral to frustrated.', 3.4, true),
  ('11000000-0000-0000-0000-000000000105', 'd0000000-0000-0000-0000-000000000027', '12000000-0000-0000-0000-000000000169', 'frustrated', 'empathetic', 0.68, 'agent', 'Speaker shifted from frustrated to empathetic.', 7.3, false),
  ('11000000-0000-0000-0000-000000000106', 'd0000000-0000-0000-0000-000000000027', '12000000-0000-0000-0000-000000000170', 'empathetic', 'frustrated', 0.28, 'customer', 'Speaker shifted from empathetic to frustrated.', 10.9, false),
  ('11000000-0000-0000-0000-000000000107', 'd0000000-0000-0000-0000-000000000027', '12000000-0000-0000-0000-000000000171', 'frustrated', 'neutral', 0.71, 'agent', 'Speaker shifted from frustrated to neutral.', 14.3, false),
  ('11000000-0000-0000-0000-000000000108', 'd0000000-0000-0000-0000-000000000028', '12000000-0000-0000-0000-000000000174', 'neutral', 'angry', 0.63, 'customer', 'Speaker shifted from neutral to angry.', 4.9, false),
  ('11000000-0000-0000-0000-000000000109', 'd0000000-0000-0000-0000-000000000028', '12000000-0000-0000-0000-000000000175', 'angry', 'empathetic', 0.24, 'agent', 'Speaker shifted from angry to empathetic.', 8.6, false),
  ('11000000-0000-0000-0000-000000000110', 'd0000000-0000-0000-0000-000000000028', '12000000-0000-0000-0000-000000000176', 'empathetic', 'angry', 0.65, 'customer', 'Speaker shifted from empathetic to angry.', 13.4, false),
  ('11000000-0000-0000-0000-000000000111', 'd0000000-0000-0000-0000-000000000028', '12000000-0000-0000-0000-000000000177', 'angry', 'empathetic', 0.72, 'agent', 'Speaker shifted from angry to empathetic.', 18.0, false),
  ('11000000-0000-0000-0000-000000000112', 'd0000000-0000-0000-0000-000000000028', '12000000-0000-0000-0000-000000000178', 'empathetic', 'neutral', 0.23, 'customer', 'Speaker shifted from empathetic to neutral.', 20.5, true),
  ('11000000-0000-0000-0000-000000000113', 'd0000000-0000-0000-0000-000000000029', '12000000-0000-0000-0000-000000000181', 'neutral', 'happy', 0.6, 'agent', 'Speaker shifted from neutral to happy.', 7.4, false),
  ('11000000-0000-0000-0000-000000000114', 'd0000000-0000-0000-0000-000000000029', '12000000-0000-0000-0000-000000000182', 'happy', 'neutral', 0.53, 'customer', 'Speaker shifted from happy to neutral.', 11.9, false),
  ('11000000-0000-0000-0000-000000000115', 'd0000000-0000-0000-0000-000000000029', '12000000-0000-0000-0000-000000000184', 'neutral', 'happy', 0.47, 'customer', 'Speaker shifted from neutral to happy.', 19.6, false),
  ('11000000-0000-0000-0000-000000000116', 'd0000000-0000-0000-0000-000000000030', '12000000-0000-0000-0000-000000000186', 'neutral', 'sad', 0.78, 'customer', 'Speaker shifted from neutral to sad.', 3.9, false),
  ('11000000-0000-0000-0000-000000000117', 'd0000000-0000-0000-0000-000000000030', '12000000-0000-0000-0000-000000000187', 'sad', 'empathetic', 0.74, 'agent', 'Speaker shifted from sad to empathetic.', 9.0, false),
  ('11000000-0000-0000-0000-000000000118', 'd0000000-0000-0000-0000-000000000030', '12000000-0000-0000-0000-000000000188', 'empathetic', 'frustrated', 0.33, 'customer', 'Speaker shifted from empathetic to frustrated.', 13.6, false),
  ('11000000-0000-0000-0000-000000000119', 'd0000000-0000-0000-0000-000000000030', '12000000-0000-0000-0000-000000000189', 'frustrated', 'neutral', 0.66, 'agent', 'Speaker shifted from frustrated to neutral.', 16.2, false),
  ('11000000-0000-0000-0000-000000000120', 'd0000000-0000-0000-0000-000000000030', '12000000-0000-0000-0000-000000000192', 'neutral', 'happy', 0.75, 'customer', 'Speaker shifted from neutral to happy.', 24.2, true);

-- policy_compliance
INSERT INTO policy_compliance (id, interaction_id, policy_id, is_compliant, compliance_score, llm_reasoning, evidence_text, retrieved_policy_text) VALUES
  ('30000000-0000-0000-0000-000000000001', 'd0000000-0000-0000-0000-000000000001', '20000000-0000-0000-0000-000000000001', true, 0.89, 'Compliant with Greeting Policy.', 'Reviewed relevant transcript segments.', 'Agents must greet customers warmly and professionally within the first 5 seconds of the call.'),
  ('30000000-0000-0000-0000-000000000002', 'd0000000-0000-0000-0000-000000000001', '20000000-0000-0000-0000-000000000002', true, 0.87, 'Compliant with Escalation Protocol.', 'Reviewed relevant transcript segments.', 'If a customer expresses extreme frustration or anger, the agent must offer to escalate to a supervisor within 60 seconds.'),
  ('30000000-0000-0000-0000-000000000003', 'd0000000-0000-0000-0000-000000000001', '20000000-0000-0000-0000-000000000003', true, 0.99, 'Compliant with Hold Time Limit.', 'Reviewed relevant transcript segments.', 'Customers must not be placed on hold for more than 2 minutes without a status update.'),
  ('30000000-0000-0000-0000-000000000004', 'd0000000-0000-0000-0000-000000000002', '20000000-0000-0000-0000-000000000001', true, 0.99, 'Compliant with Greeting Policy.', 'Reviewed relevant transcript segments.', 'Agents must greet customers warmly and professionally within the first 5 seconds of the call.'),
  ('30000000-0000-0000-0000-000000000005', 'd0000000-0000-0000-0000-000000000002', '20000000-0000-0000-0000-000000000002', false, 0.59, 'Violation detected with Escalation Protocol.', 'Reviewed relevant transcript segments.', 'If a customer expresses extreme frustration or anger, the agent must offer to escalate to a supervisor within 60 seconds.'),
  ('30000000-0000-0000-0000-000000000006', 'd0000000-0000-0000-0000-000000000003', '20000000-0000-0000-0000-000000000001', true, 0.89, 'Compliant with Greeting Policy.', 'Reviewed relevant transcript segments.', 'Agents must greet customers warmly and professionally within the first 5 seconds of the call.'),
  ('30000000-0000-0000-0000-000000000007', 'd0000000-0000-0000-0000-000000000003', '20000000-0000-0000-0000-000000000002', true, 0.98, 'Compliant with Escalation Protocol.', 'Reviewed relevant transcript segments.', 'If a customer expresses extreme frustration or anger, the agent must offer to escalate to a supervisor within 60 seconds.'),
  ('30000000-0000-0000-0000-000000000008', 'd0000000-0000-0000-0000-000000000004', '20000000-0000-0000-0000-000000000001', true, 0.97, 'Compliant with Greeting Policy.', 'Reviewed relevant transcript segments.', 'Agents must greet customers warmly and professionally within the first 5 seconds of the call.'),
  ('30000000-0000-0000-0000-000000000009', 'd0000000-0000-0000-0000-000000000004', '20000000-0000-0000-0000-000000000002', true, 0.92, 'Compliant with Escalation Protocol.', 'Reviewed relevant transcript segments.', 'If a customer expresses extreme frustration or anger, the agent must offer to escalate to a supervisor within 60 seconds.'),
  ('30000000-0000-0000-0000-000000000010', 'd0000000-0000-0000-0000-000000000004', '20000000-0000-0000-0000-000000000003', false, 0.23, 'Violation detected with Hold Time Limit.', 'Reviewed relevant transcript segments.', 'Customers must not be placed on hold for more than 2 minutes without a status update.'),
  ('30000000-0000-0000-0000-000000000011', 'd0000000-0000-0000-0000-000000000005', '20000000-0000-0000-0000-000000000001', true, 0.96, 'Compliant with Greeting Policy.', 'Reviewed relevant transcript segments.', 'Agents must greet customers warmly and professionally within the first 5 seconds of the call.'),
  ('30000000-0000-0000-0000-000000000012', 'd0000000-0000-0000-0000-000000000005', '20000000-0000-0000-0000-000000000002', true, 0.88, 'Compliant with Escalation Protocol.', 'Reviewed relevant transcript segments.', 'If a customer expresses extreme frustration or anger, the agent must offer to escalate to a supervisor within 60 seconds.'),
  ('30000000-0000-0000-0000-000000000013', 'd0000000-0000-0000-0000-000000000006', '20000000-0000-0000-0000-000000000001', true, 0.95, 'Compliant with Greeting Policy.', 'Reviewed relevant transcript segments.', 'Agents must greet customers warmly and professionally within the first 5 seconds of the call.'),
  ('30000000-0000-0000-0000-000000000014', 'd0000000-0000-0000-0000-000000000006', '20000000-0000-0000-0000-000000000002', true, 0.95, 'Compliant with Escalation Protocol.', 'Reviewed relevant transcript segments.', 'If a customer expresses extreme frustration or anger, the agent must offer to escalate to a supervisor within 60 seconds.'),
  ('30000000-0000-0000-0000-000000000015', 'd0000000-0000-0000-0000-000000000007', '20000000-0000-0000-0000-000000000001', false, 0.36, 'Violation detected with Greeting Policy.', 'Reviewed relevant transcript segments.', 'Agents must greet customers warmly and professionally within the first 5 seconds of the call.'),
  ('30000000-0000-0000-0000-000000000016', 'd0000000-0000-0000-0000-000000000007', '20000000-0000-0000-0000-000000000002', true, 0.98, 'Compliant with Escalation Protocol.', 'Reviewed relevant transcript segments.', 'If a customer expresses extreme frustration or anger, the agent must offer to escalate to a supervisor within 60 seconds.'),
  ('30000000-0000-0000-0000-000000000017', 'd0000000-0000-0000-0000-000000000007', '20000000-0000-0000-0000-000000000003', true, 0.93, 'Compliant with Hold Time Limit.', 'Reviewed relevant transcript segments.', 'Customers must not be placed on hold for more than 2 minutes without a status update.'),
  ('30000000-0000-0000-0000-000000000018', 'd0000000-0000-0000-0000-000000000008', '20000000-0000-0000-0000-000000000001', true, 0.86, 'Compliant with Greeting Policy.', 'Reviewed relevant transcript segments.', 'Agents must greet customers warmly and professionally within the first 5 seconds of the call.'),
  ('30000000-0000-0000-0000-000000000019', 'd0000000-0000-0000-0000-000000000008', '20000000-0000-0000-0000-000000000002', true, 0.91, 'Compliant with Escalation Protocol.', 'Reviewed relevant transcript segments.', 'If a customer expresses extreme frustration or anger, the agent must offer to escalate to a supervisor within 60 seconds.'),
  ('30000000-0000-0000-0000-000000000020', 'd0000000-0000-0000-0000-000000000009', '20000000-0000-0000-0000-000000000001', false, 0.31, 'Violation detected with Greeting Policy.', 'Reviewed relevant transcript segments.', 'Agents must greet customers warmly and professionally within the first 5 seconds of the call.'),
  ('30000000-0000-0000-0000-000000000021', 'd0000000-0000-0000-0000-000000000009', '20000000-0000-0000-0000-000000000002', true, 0.87, 'Compliant with Escalation Protocol.', 'Reviewed relevant transcript segments.', 'If a customer expresses extreme frustration or anger, the agent must offer to escalate to a supervisor within 60 seconds.'),
  ('30000000-0000-0000-0000-000000000022', 'd0000000-0000-0000-0000-000000000010', '20000000-0000-0000-0000-000000000001', true, 0.91, 'Compliant with Greeting Policy.', 'Reviewed relevant transcript segments.', 'Agents must greet customers warmly and professionally within the first 5 seconds of the call.'),
  ('30000000-0000-0000-0000-000000000023', 'd0000000-0000-0000-0000-000000000010', '20000000-0000-0000-0000-000000000002', true, 0.96, 'Compliant with Escalation Protocol.', 'Reviewed relevant transcript segments.', 'If a customer expresses extreme frustration or anger, the agent must offer to escalate to a supervisor within 60 seconds.'),
  ('30000000-0000-0000-0000-000000000024', 'd0000000-0000-0000-0000-000000000010', '20000000-0000-0000-0000-000000000003', true, 0.89, 'Compliant with Hold Time Limit.', 'Reviewed relevant transcript segments.', 'Customers must not be placed on hold for more than 2 minutes without a status update.'),
  ('30000000-0000-0000-0000-000000000025', 'd0000000-0000-0000-0000-000000000011', '20000000-0000-0000-0000-000000000001', false, 0.35, 'Violation detected with Greeting Policy.', 'Reviewed relevant transcript segments.', 'Agents must greet customers warmly and professionally within the first 5 seconds of the call.'),
  ('30000000-0000-0000-0000-000000000026', 'd0000000-0000-0000-0000-000000000011', '20000000-0000-0000-0000-000000000002', true, 0.95, 'Compliant with Escalation Protocol.', 'Reviewed relevant transcript segments.', 'If a customer expresses extreme frustration or anger, the agent must offer to escalate to a supervisor within 60 seconds.'),
  ('30000000-0000-0000-0000-000000000027', 'd0000000-0000-0000-0000-000000000012', '20000000-0000-0000-0000-000000000001', true, 0.91, 'Compliant with Greeting Policy.', 'Reviewed relevant transcript segments.', 'Agents must greet customers warmly and professionally within the first 5 seconds of the call.'),
  ('30000000-0000-0000-0000-000000000028', 'd0000000-0000-0000-0000-000000000012', '20000000-0000-0000-0000-000000000002', true, 0.95, 'Compliant with Escalation Protocol.', 'Reviewed relevant transcript segments.', 'If a customer expresses extreme frustration or anger, the agent must offer to escalate to a supervisor within 60 seconds.'),
  ('30000000-0000-0000-0000-000000000029', 'd0000000-0000-0000-0000-000000000013', '20000000-0000-0000-0000-000000000001', true, 0.92, 'Compliant with Greeting Policy.', 'Reviewed relevant transcript segments.', 'Agents must greet customers warmly and professionally within the first 5 seconds of the call.'),
  ('30000000-0000-0000-0000-000000000030', 'd0000000-0000-0000-0000-000000000013', '20000000-0000-0000-0000-000000000002', false, 0.45, 'Violation detected with Escalation Protocol.', 'Reviewed relevant transcript segments.', 'If a customer expresses extreme frustration or anger, the agent must offer to escalate to a supervisor within 60 seconds.'),
  ('30000000-0000-0000-0000-000000000031', 'd0000000-0000-0000-0000-000000000013', '20000000-0000-0000-0000-000000000003', true, 0.99, 'Compliant with Hold Time Limit.', 'Reviewed relevant transcript segments.', 'Customers must not be placed on hold for more than 2 minutes without a status update.'),
  ('30000000-0000-0000-0000-000000000032', 'd0000000-0000-0000-0000-000000000014', '20000000-0000-0000-0000-000000000001', true, 0.9, 'Compliant with Greeting Policy.', 'Reviewed relevant transcript segments.', 'Agents must greet customers warmly and professionally within the first 5 seconds of the call.'),
  ('30000000-0000-0000-0000-000000000033', 'd0000000-0000-0000-0000-000000000014', '20000000-0000-0000-0000-000000000002', true, 0.94, 'Compliant with Escalation Protocol.', 'Reviewed relevant transcript segments.', 'If a customer expresses extreme frustration or anger, the agent must offer to escalate to a supervisor within 60 seconds.'),
  ('30000000-0000-0000-0000-000000000034', 'd0000000-0000-0000-0000-000000000015', '20000000-0000-0000-0000-000000000001', true, 0.95, 'Compliant with Greeting Policy.', 'Reviewed relevant transcript segments.', 'Agents must greet customers warmly and professionally within the first 5 seconds of the call.'),
  ('30000000-0000-0000-0000-000000000035', 'd0000000-0000-0000-0000-000000000015', '20000000-0000-0000-0000-000000000002', false, 0.45, 'Violation detected with Escalation Protocol.', 'Reviewed relevant transcript segments.', 'If a customer expresses extreme frustration or anger, the agent must offer to escalate to a supervisor within 60 seconds.'),
  ('30000000-0000-0000-0000-000000000036', 'd0000000-0000-0000-0000-000000000016', '20000000-0000-0000-0000-000000000001', true, 0.92, 'Compliant with Greeting Policy.', 'Reviewed relevant transcript segments.', 'Agents must greet customers warmly and professionally within the first 5 seconds of the call.'),
  ('30000000-0000-0000-0000-000000000037', 'd0000000-0000-0000-0000-000000000016', '20000000-0000-0000-0000-000000000002', true, 0.96, 'Compliant with Escalation Protocol.', 'Reviewed relevant transcript segments.', 'If a customer expresses extreme frustration or anger, the agent must offer to escalate to a supervisor within 60 seconds.'),
  ('30000000-0000-0000-0000-000000000038', 'd0000000-0000-0000-0000-000000000016', '20000000-0000-0000-0000-000000000003', true, 0.95, 'Compliant with Hold Time Limit.', 'Reviewed relevant transcript segments.', 'Customers must not be placed on hold for more than 2 minutes without a status update.'),
  ('30000000-0000-0000-0000-000000000039', 'd0000000-0000-0000-0000-000000000017', '20000000-0000-0000-0000-000000000001', true, 0.87, 'Compliant with Greeting Policy.', 'Reviewed relevant transcript segments.', 'Agents must greet customers warmly and professionally within the first 5 seconds of the call.'),
  ('30000000-0000-0000-0000-000000000040', 'd0000000-0000-0000-0000-000000000017', '20000000-0000-0000-0000-000000000002', false, 0.22, 'Violation detected with Escalation Protocol.', 'Reviewed relevant transcript segments.', 'If a customer expresses extreme frustration or anger, the agent must offer to escalate to a supervisor within 60 seconds.'),
  ('30000000-0000-0000-0000-000000000041', 'd0000000-0000-0000-0000-000000000018', '20000000-0000-0000-0000-000000000001', true, 0.86, 'Compliant with Greeting Policy.', 'Reviewed relevant transcript segments.', 'Agents must greet customers warmly and professionally within the first 5 seconds of the call.'),
  ('30000000-0000-0000-0000-000000000042', 'd0000000-0000-0000-0000-000000000018', '20000000-0000-0000-0000-000000000002', true, 1.0, 'Compliant with Escalation Protocol.', 'Reviewed relevant transcript segments.', 'If a customer expresses extreme frustration or anger, the agent must offer to escalate to a supervisor within 60 seconds.'),
  ('30000000-0000-0000-0000-000000000043', 'd0000000-0000-0000-0000-000000000019', '20000000-0000-0000-0000-000000000001', true, 0.87, 'Compliant with Greeting Policy.', 'Reviewed relevant transcript segments.', 'Agents must greet customers warmly and professionally within the first 5 seconds of the call.'),
  ('30000000-0000-0000-0000-000000000044', 'd0000000-0000-0000-0000-000000000019', '20000000-0000-0000-0000-000000000002', true, 0.89, 'Compliant with Escalation Protocol.', 'Reviewed relevant transcript segments.', 'If a customer expresses extreme frustration or anger, the agent must offer to escalate to a supervisor within 60 seconds.'),
  ('30000000-0000-0000-0000-000000000045', 'd0000000-0000-0000-0000-000000000019', '20000000-0000-0000-0000-000000000003', false, 0.42, 'Violation detected with Hold Time Limit.', 'Reviewed relevant transcript segments.', 'Customers must not be placed on hold for more than 2 minutes without a status update.'),
  ('30000000-0000-0000-0000-000000000046', 'd0000000-0000-0000-0000-000000000020', '20000000-0000-0000-0000-000000000001', true, 0.91, 'Compliant with Greeting Policy.', 'Reviewed relevant transcript segments.', 'Agents must greet customers warmly and professionally within the first 5 seconds of the call.'),
  ('30000000-0000-0000-0000-000000000047', 'd0000000-0000-0000-0000-000000000020', '20000000-0000-0000-0000-000000000002', true, 0.91, 'Compliant with Escalation Protocol.', 'Reviewed relevant transcript segments.', 'If a customer expresses extreme frustration or anger, the agent must offer to escalate to a supervisor within 60 seconds.'),
  ('30000000-0000-0000-0000-000000000048', 'd0000000-0000-0000-0000-000000000021', '20000000-0000-0000-0000-000000000001', true, 0.99, 'Compliant with Greeting Policy.', 'Reviewed relevant transcript segments.', 'Agents must greet customers warmly and professionally within the first 5 seconds of the call.'),
  ('30000000-0000-0000-0000-000000000049', 'd0000000-0000-0000-0000-000000000021', '20000000-0000-0000-0000-000000000002', true, 0.95, 'Compliant with Escalation Protocol.', 'Reviewed relevant transcript segments.', 'If a customer expresses extreme frustration or anger, the agent must offer to escalate to a supervisor within 60 seconds.'),
  ('30000000-0000-0000-0000-000000000050', 'd0000000-0000-0000-0000-000000000022', '20000000-0000-0000-0000-000000000001', false, 0.42, 'Violation detected with Greeting Policy.', 'Reviewed relevant transcript segments.', 'Agents must greet customers warmly and professionally within the first 5 seconds of the call.'),
  ('30000000-0000-0000-0000-000000000051', 'd0000000-0000-0000-0000-000000000022', '20000000-0000-0000-0000-000000000002', true, 0.94, 'Compliant with Escalation Protocol.', 'Reviewed relevant transcript segments.', 'If a customer expresses extreme frustration or anger, the agent must offer to escalate to a supervisor within 60 seconds.'),
  ('30000000-0000-0000-0000-000000000052', 'd0000000-0000-0000-0000-000000000022', '20000000-0000-0000-0000-000000000003', true, 0.96, 'Compliant with Hold Time Limit.', 'Reviewed relevant transcript segments.', 'Customers must not be placed on hold for more than 2 minutes without a status update.'),
  ('30000000-0000-0000-0000-000000000053', 'd0000000-0000-0000-0000-000000000023', '20000000-0000-0000-0000-000000000001', true, 0.98, 'Compliant with Greeting Policy.', 'Reviewed relevant transcript segments.', 'Agents must greet customers warmly and professionally within the first 5 seconds of the call.'),
  ('30000000-0000-0000-0000-000000000054', 'd0000000-0000-0000-0000-000000000023', '20000000-0000-0000-0000-000000000002', true, 0.95, 'Compliant with Escalation Protocol.', 'Reviewed relevant transcript segments.', 'If a customer expresses extreme frustration or anger, the agent must offer to escalate to a supervisor within 60 seconds.'),
  ('30000000-0000-0000-0000-000000000055', 'd0000000-0000-0000-0000-000000000024', '20000000-0000-0000-0000-000000000001', false, 0.53, 'Violation detected with Greeting Policy.', 'Reviewed relevant transcript segments.', 'Agents must greet customers warmly and professionally within the first 5 seconds of the call.'),
  ('30000000-0000-0000-0000-000000000056', 'd0000000-0000-0000-0000-000000000024', '20000000-0000-0000-0000-000000000002', true, 0.94, 'Compliant with Escalation Protocol.', 'Reviewed relevant transcript segments.', 'If a customer expresses extreme frustration or anger, the agent must offer to escalate to a supervisor within 60 seconds.'),
  ('30000000-0000-0000-0000-000000000057', 'd0000000-0000-0000-0000-000000000025', '20000000-0000-0000-0000-000000000001', true, 0.99, 'Compliant with Greeting Policy.', 'Reviewed relevant transcript segments.', 'Agents must greet customers warmly and professionally within the first 5 seconds of the call.'),
  ('30000000-0000-0000-0000-000000000058', 'd0000000-0000-0000-0000-000000000025', '20000000-0000-0000-0000-000000000002', true, 0.89, 'Compliant with Escalation Protocol.', 'Reviewed relevant transcript segments.', 'If a customer expresses extreme frustration or anger, the agent must offer to escalate to a supervisor within 60 seconds.'),
  ('30000000-0000-0000-0000-000000000059', 'd0000000-0000-0000-0000-000000000025', '20000000-0000-0000-0000-000000000003', true, 0.95, 'Compliant with Hold Time Limit.', 'Reviewed relevant transcript segments.', 'Customers must not be placed on hold for more than 2 minutes without a status update.'),
  ('30000000-0000-0000-0000-000000000060', 'd0000000-0000-0000-0000-000000000026', '20000000-0000-0000-0000-000000000001', false, 0.29, 'Violation detected with Greeting Policy.', 'Reviewed relevant transcript segments.', 'Agents must greet customers warmly and professionally within the first 5 seconds of the call.'),
  ('30000000-0000-0000-0000-000000000061', 'd0000000-0000-0000-0000-000000000026', '20000000-0000-0000-0000-000000000002', true, 0.92, 'Compliant with Escalation Protocol.', 'Reviewed relevant transcript segments.', 'If a customer expresses extreme frustration or anger, the agent must offer to escalate to a supervisor within 60 seconds.'),
  ('30000000-0000-0000-0000-000000000062', 'd0000000-0000-0000-0000-000000000027', '20000000-0000-0000-0000-000000000001', true, 0.89, 'Compliant with Greeting Policy.', 'Reviewed relevant transcript segments.', 'Agents must greet customers warmly and professionally within the first 5 seconds of the call.'),
  ('30000000-0000-0000-0000-000000000063', 'd0000000-0000-0000-0000-000000000027', '20000000-0000-0000-0000-000000000002', true, 0.9, 'Compliant with Escalation Protocol.', 'Reviewed relevant transcript segments.', 'If a customer expresses extreme frustration or anger, the agent must offer to escalate to a supervisor within 60 seconds.'),
  ('30000000-0000-0000-0000-000000000064', 'd0000000-0000-0000-0000-000000000028', '20000000-0000-0000-0000-000000000001', true, 1.0, 'Compliant with Greeting Policy.', 'Reviewed relevant transcript segments.', 'Agents must greet customers warmly and professionally within the first 5 seconds of the call.'),
  ('30000000-0000-0000-0000-000000000065', 'd0000000-0000-0000-0000-000000000028', '20000000-0000-0000-0000-000000000002', false, 0.35, 'Violation detected with Escalation Protocol.', 'Reviewed relevant transcript segments.', 'If a customer expresses extreme frustration or anger, the agent must offer to escalate to a supervisor within 60 seconds.'),
  ('30000000-0000-0000-0000-000000000066', 'd0000000-0000-0000-0000-000000000028', '20000000-0000-0000-0000-000000000003', true, 0.99, 'Compliant with Hold Time Limit.', 'Reviewed relevant transcript segments.', 'Customers must not be placed on hold for more than 2 minutes without a status update.'),
  ('30000000-0000-0000-0000-000000000067', 'd0000000-0000-0000-0000-000000000029', '20000000-0000-0000-0000-000000000001', true, 0.95, 'Compliant with Greeting Policy.', 'Reviewed relevant transcript segments.', 'Agents must greet customers warmly and professionally within the first 5 seconds of the call.'),
  ('30000000-0000-0000-0000-000000000068', 'd0000000-0000-0000-0000-000000000029', '20000000-0000-0000-0000-000000000002', true, 0.86, 'Compliant with Escalation Protocol.', 'Reviewed relevant transcript segments.', 'If a customer expresses extreme frustration or anger, the agent must offer to escalate to a supervisor within 60 seconds.'),
  ('30000000-0000-0000-0000-000000000069', 'd0000000-0000-0000-0000-000000000030', '20000000-0000-0000-0000-000000000001', true, 0.89, 'Compliant with Greeting Policy.', 'Reviewed relevant transcript segments.', 'Agents must greet customers warmly and professionally within the first 5 seconds of the call.'),
  ('30000000-0000-0000-0000-000000000070', 'd0000000-0000-0000-0000-000000000030', '20000000-0000-0000-0000-000000000002', false, 0.59, 'Violation detected with Escalation Protocol.', 'Reviewed relevant transcript segments.', 'If a customer expresses extreme frustration or anger, the agent must offer to escalate to a supervisor within 60 seconds.');

-- emotion_feedback
INSERT INTO emotion_feedback (emotion_event_id, provided_by_user_id, llm_justification, corrected_emotion, corrected_justification, correction_reason, feedback_status, is_used_in_training) VALUES
  ('11000000-0000-0000-0000-000000000001', 'b0000000-0000-0000-0000-000000000001', 'Speaker shifted from neutral to frustrated.', 'sad', 'Manual review suggests different emotion.', 'LLM misclassified the tone.', 'pending', true),
  ('11000000-0000-0000-0000-000000000002', 'b0000000-0000-0000-0000-000000000001', 'Speaker shifted from frustrated to empathetic.', 'neutral', 'Manual review suggests different emotion.', 'LLM misclassified the tone.', 'pending', false),
  ('11000000-0000-0000-0000-000000000003', 'b0000000-0000-0000-0000-000000000001', 'Speaker shifted from empathetic to happy.', 'happy', 'Manual review suggests different emotion.', 'LLM misclassified the tone.', 'applied', false),
  ('11000000-0000-0000-0000-000000000004', 'b0000000-0000-0000-0000-000000000001', 'Speaker shifted from neutral to frustrated.', 'neutral', 'Manual review suggests different emotion.', 'LLM misclassified the tone.', 'applied', true),
  ('11000000-0000-0000-0000-000000000005', 'b0000000-0000-0000-0000-000000000006', 'Speaker shifted from frustrated to neutral.', 'neutral', 'Manual review suggests different emotion.', 'LLM misclassified the tone.', 'reviewed', false),
  ('11000000-0000-0000-0000-000000000006', 'b0000000-0000-0000-0000-000000000006', 'Speaker shifted from neutral to empathetic.', 'angry', 'Manual review suggests different emotion.', 'LLM misclassified the tone.', 'applied', false),
  ('11000000-0000-0000-0000-000000000007', 'b0000000-0000-0000-0000-000000000006', 'Speaker shifted from empathetic to neutral.', 'angry', 'Manual review suggests different emotion.', 'LLM misclassified the tone.', 'reviewed', true),
  ('11000000-0000-0000-0000-000000000008', 'b0000000-0000-0000-0000-000000000006', 'Speaker shifted from neutral to happy.', 'sad', 'Manual review suggests different emotion.', 'LLM misclassified the tone.', 'reviewed', false);

-- compliance_feedback
INSERT INTO compliance_feedback (policy_compliance_id, provided_by_user_id, original_is_compliant, corrected_is_compliant, original_score, corrected_score, correction_reason, feedback_status, is_used_in_training) VALUES
  ('30000000-0000-0000-0000-000000000005', 'b0000000-0000-0000-0000-000000000001', false, true, 0.59, 0.82, 'Re-evaluated transcript context.', 'pending', false),
  ('30000000-0000-0000-0000-000000000010', 'b0000000-0000-0000-0000-000000000001', false, false, 0.23, 0.23, 'Re-evaluated transcript context.', 'pending', false),
  ('30000000-0000-0000-0000-000000000015', 'b0000000-0000-0000-0000-000000000001', false, true, 0.36, 0.8, 'Re-evaluated transcript context.', 'pending', false),
  ('30000000-0000-0000-0000-000000000020', 'b0000000-0000-0000-0000-000000000006', false, false, 0.31, 0.31, 'Re-evaluated transcript context.', 'reviewed', false),
  ('30000000-0000-0000-0000-000000000025', 'b0000000-0000-0000-0000-000000000006', false, true, 0.35, 0.9, 'Re-evaluated transcript context.', 'reviewed', false);

-- organization_policies
INSERT INTO organization_policies (organization_id, policy_id, is_active) VALUES
  ('a0000000-0000-0000-0000-000000000001', '20000000-0000-0000-0000-000000000001', true),
  ('a0000000-0000-0000-0000-000000000001', '20000000-0000-0000-0000-000000000002', true),
  ('a0000000-0000-0000-0000-000000000001', '20000000-0000-0000-0000-000000000003', true),
  ('a0000000-0000-0000-0000-000000000001', '20000000-0000-0000-0000-000000000004', true),
  ('a0000000-0000-0000-0000-000000000001', '20000000-0000-0000-0000-000000000005', true),
  ('a0000000-0000-0000-0000-000000000001', '20000000-0000-0000-0000-000000000006', true),
  ('a0000000-0000-0000-0000-000000000002', '20000000-0000-0000-0000-000000000001', true),
  ('a0000000-0000-0000-0000-000000000002', '20000000-0000-0000-0000-000000000002', true),
  ('a0000000-0000-0000-0000-000000000002', '20000000-0000-0000-0000-000000000003', true),
  ('a0000000-0000-0000-0000-000000000002', '20000000-0000-0000-0000-000000000004', true),
  ('a0000000-0000-0000-0000-000000000002', '20000000-0000-0000-0000-000000000005', true),
  ('a0000000-0000-0000-0000-000000000002', '20000000-0000-0000-0000-000000000006', true);

-- organization_faq_articles
INSERT INTO organization_faq_articles (organization_id, article_id, is_active) VALUES
  ('a0000000-0000-0000-0000-000000000001', 'f0000000-0000-0000-0000-000000000001', true),
  ('a0000000-0000-0000-0000-000000000001', 'f0000000-0000-0000-0000-000000000002', true),
  ('a0000000-0000-0000-0000-000000000001', 'f0000000-0000-0000-0000-000000000003', true),
  ('a0000000-0000-0000-0000-000000000001', 'f0000000-0000-0000-0000-000000000004', true),
  ('a0000000-0000-0000-0000-000000000001', 'f0000000-0000-0000-0000-000000000005', true),
  ('a0000000-0000-0000-0000-000000000001', 'f0000000-0000-0000-0000-000000000006', true),
  ('a0000000-0000-0000-0000-000000000001', 'f0000000-0000-0000-0000-000000000007', true),
  ('a0000000-0000-0000-0000-000000000001', 'f0000000-0000-0000-0000-000000000008', true),
  ('a0000000-0000-0000-0000-000000000002', 'f0000000-0000-0000-0000-000000000001', true),
  ('a0000000-0000-0000-0000-000000000002', 'f0000000-0000-0000-0000-000000000002', true),
  ('a0000000-0000-0000-0000-000000000002', 'f0000000-0000-0000-0000-000000000003', true),
  ('a0000000-0000-0000-0000-000000000002', 'f0000000-0000-0000-0000-000000000004', true),
  ('a0000000-0000-0000-0000-000000000002', 'f0000000-0000-0000-0000-000000000005', true),
  ('a0000000-0000-0000-0000-000000000002', 'f0000000-0000-0000-0000-000000000006', true),
  ('a0000000-0000-0000-0000-000000000002', 'f0000000-0000-0000-0000-000000000007', true),
  ('a0000000-0000-0000-0000-000000000002', 'f0000000-0000-0000-0000-000000000008', true);

-- agent_performance_snapshots
INSERT INTO agent_performance_snapshots (id, organization_id, agent_id, period_type, period_start, period_end, total_interactions, avg_overall_score, avg_empathy_score, avg_policy_score, avg_resolution_score, resolution_rate) VALUES
  ('22000000-0000-0000-0000-000000000001', 'a0000000-0000-0000-0000-000000000001', 'b0000000-0000-0000-0000-000000000002', 'daily', '2026-02-28', '2026-02-28', 10, 6.3, 6.7, 8.2, 9.4, 0.62),
  ('22000000-0000-0000-0000-000000000002', 'a0000000-0000-0000-0000-000000000001', 'b0000000-0000-0000-0000-000000000002', 'weekly', '2026-02-24', '2026-02-28', 8, 6.9, 6.4, 8.0, 6.2, 0.91),
  ('22000000-0000-0000-0000-000000000003', 'a0000000-0000-0000-0000-000000000001', 'b0000000-0000-0000-0000-000000000002', 'monthly', '2026-02-01', '2026-02-28', 6, 8.1, 8.8, 6.8, 8.7, 0.92),
  ('22000000-0000-0000-0000-000000000004', 'a0000000-0000-0000-0000-000000000001', 'b0000000-0000-0000-0000-000000000003', 'daily', '2026-02-28', '2026-02-28', 3, 7.0, 9.4, 9.5, 7.9, 0.92),
  ('22000000-0000-0000-0000-000000000005', 'a0000000-0000-0000-0000-000000000001', 'b0000000-0000-0000-0000-000000000003', 'weekly', '2026-02-24', '2026-02-28', 4, 8.3, 6.1, 6.1, 8.8, 0.7),
  ('22000000-0000-0000-0000-000000000006', 'a0000000-0000-0000-0000-000000000001', 'b0000000-0000-0000-0000-000000000003', 'monthly', '2026-02-01', '2026-02-28', 8, 6.1, 6.9, 6.4, 7.5, 0.65),
  ('22000000-0000-0000-0000-000000000007', 'a0000000-0000-0000-0000-000000000001', 'b0000000-0000-0000-0000-000000000004', 'daily', '2026-02-28', '2026-02-28', 4, 7.7, 8.7, 7.8, 6.4, 0.8),
  ('22000000-0000-0000-0000-000000000008', 'a0000000-0000-0000-0000-000000000001', 'b0000000-0000-0000-0000-000000000004', 'weekly', '2026-02-24', '2026-02-28', 3, 8.5, 9.2, 8.3, 7.1, 0.86),
  ('22000000-0000-0000-0000-000000000009', 'a0000000-0000-0000-0000-000000000001', 'b0000000-0000-0000-0000-000000000004', 'monthly', '2026-02-01', '2026-02-28', 3, 6.2, 7.7, 7.4, 8.4, 0.8),
  ('22000000-0000-0000-0000-000000000010', 'a0000000-0000-0000-0000-000000000001', 'b0000000-0000-0000-0000-000000000005', 'daily', '2026-02-28', '2026-02-28', 10, 6.3, 6.3, 8.1, 6.2, 0.71),
  ('22000000-0000-0000-0000-000000000011', 'a0000000-0000-0000-0000-000000000001', 'b0000000-0000-0000-0000-000000000005', 'weekly', '2026-02-24', '2026-02-28', 8, 7.3, 8.1, 7.0, 7.8, 0.77),
  ('22000000-0000-0000-0000-000000000012', 'a0000000-0000-0000-0000-000000000001', 'b0000000-0000-0000-0000-000000000005', 'monthly', '2026-02-01', '2026-02-28', 4, 9.0, 8.3, 8.7, 8.5, 0.69),
  ('22000000-0000-0000-0000-000000000013', 'a0000000-0000-0000-0000-000000000002', 'b0000000-0000-0000-0000-000000000007', 'daily', '2026-02-28', '2026-02-28', 10, 9.1, 7.4, 8.9, 7.4, 0.89),
  ('22000000-0000-0000-0000-000000000014', 'a0000000-0000-0000-0000-000000000002', 'b0000000-0000-0000-0000-000000000007', 'weekly', '2026-02-24', '2026-02-28', 8, 7.5, 8.3, 7.3, 6.5, 0.97),
  ('22000000-0000-0000-0000-000000000015', 'a0000000-0000-0000-0000-000000000002', 'b0000000-0000-0000-0000-000000000007', 'monthly', '2026-02-01', '2026-02-28', 4, 6.3, 6.3, 7.5, 8.6, 0.75),
  ('22000000-0000-0000-0000-000000000016', 'a0000000-0000-0000-0000-000000000002', 'b0000000-0000-0000-0000-000000000008', 'daily', '2026-02-28', '2026-02-28', 5, 7.9, 8.1, 8.0, 7.2, 0.65),
  ('22000000-0000-0000-0000-000000000017', 'a0000000-0000-0000-0000-000000000002', 'b0000000-0000-0000-0000-000000000008', 'weekly', '2026-02-24', '2026-02-28', 8, 9.1, 9.3, 7.5, 9.2, 0.62),
  ('22000000-0000-0000-0000-000000000018', 'a0000000-0000-0000-0000-000000000002', 'b0000000-0000-0000-0000-000000000008', 'monthly', '2026-02-01', '2026-02-28', 7, 8.1, 7.2, 8.0, 6.7, 0.86),
  ('22000000-0000-0000-0000-000000000019', 'a0000000-0000-0000-0000-000000000002', 'b0000000-0000-0000-0000-000000000009', 'daily', '2026-02-28', '2026-02-28', 6, 9.0, 7.2, 7.9, 6.4, 0.71),
  ('22000000-0000-0000-0000-000000000020', 'a0000000-0000-0000-0000-000000000002', 'b0000000-0000-0000-0000-000000000009', 'weekly', '2026-02-24', '2026-02-28', 6, 8.8, 9.0, 9.4, 8.9, 0.85),
  ('22000000-0000-0000-0000-000000000021', 'a0000000-0000-0000-0000-000000000002', 'b0000000-0000-0000-0000-000000000009', 'monthly', '2026-02-01', '2026-02-28', 3, 8.1, 8.3, 8.4, 6.1, 0.71),
  ('22000000-0000-0000-0000-000000000022', 'a0000000-0000-0000-0000-000000000002', 'b0000000-0000-0000-0000-000000000010', 'daily', '2026-02-28', '2026-02-28', 7, 9.2, 7.2, 6.6, 6.5, 0.86),
  ('22000000-0000-0000-0000-000000000023', 'a0000000-0000-0000-0000-000000000002', 'b0000000-0000-0000-0000-000000000010', 'weekly', '2026-02-24', '2026-02-28', 4, 6.5, 8.2, 6.1, 8.6, 0.69),
  ('22000000-0000-0000-0000-000000000024', 'a0000000-0000-0000-0000-000000000002', 'b0000000-0000-0000-0000-000000000010', 'monthly', '2026-02-01', '2026-02-28', 9, 7.6, 6.6, 7.1, 7.1, 0.98);

-- assistant_queries
INSERT INTO assistant_queries (id, user_id, organization_id, query_mode, query_text, response_text) VALUES
  ('33000000-0000-0000-0000-000000000001', 'b0000000-0000-0000-0000-000000000001', 'a0000000-0000-0000-0000-000000000001', 'chat', 'How many calls were handled today?', 'There were 5 calls handled today with an average score of 8.2.'),
  ('33000000-0000-0000-0000-000000000002', 'b0000000-0000-0000-0000-000000000001', 'a0000000-0000-0000-0000-000000000001', 'chat', 'Which agent has the highest score this week?', 'Sara Agent has the highest average score of 92 this week.'),
  ('33000000-0000-0000-0000-000000000003', 'b0000000-0000-0000-0000-000000000006', 'a0000000-0000-0000-0000-000000000002', 'chat', 'Show me policy violations from last week.', 'There were 3 policy violations detected: 2 greeting policy and 1 hold time violation.'),
  ('33000000-0000-0000-0000-000000000004', 'b0000000-0000-0000-0000-000000000001', 'a0000000-0000-0000-0000-000000000001', 'voice', 'What is the resolution rate?', 'The current resolution rate is 80% across all agents.'),
  ('33000000-0000-0000-0000-000000000005', 'b0000000-0000-0000-0000-000000000006', 'a0000000-0000-0000-0000-000000000002', 'chat', 'How is Yasmin performing?', 'Yasmin has handled 4 calls this month with an average score of 8.7 and 100% resolution rate.'),
  ('33000000-0000-0000-0000-000000000006', 'b0000000-0000-0000-0000-000000000001', 'a0000000-0000-0000-0000-000000000001', 'chat', 'List the most common customer emotions.', 'The most common emotions are: neutral (35%), frustrated (25%), happy (20%), angry (10%), and others (10%).'),
  ('33000000-0000-0000-0000-000000000007', 'b0000000-0000-0000-0000-000000000006', 'a0000000-0000-0000-0000-000000000002', 'voice', 'Any escalations needed today?', 'There are 2 interactions flagged for escalation review based on emotion analysis.'),
  ('33000000-0000-0000-0000-000000000008', 'b0000000-0000-0000-0000-000000000001', 'a0000000-0000-0000-0000-000000000001', 'chat', 'Compare agent performance this month.', 'Mohsen: 8.5 avg, Sara: 9.2 avg, Omar: 7.8 avg, Nour AI: 8.9 avg.');
